pitcher,CH,CU,EP,FA,FC,FF,FO,FS,KC,KN,SC,SI,SL,ST,SV
434378,0,2,-1,-1,-1,1,-1,-1,-1,-1,-1,-1,1,-1,-1
445276,-1,-1,-1,-1,1,-1,-1,-1,-1,-1,-1,1,1,-1,-1
445926,2,1,-1,-1,1,-1,-1,-1,-1,-1,-1,1,-1,-1,-1
448179,-1,-1,-1,-1,-1,-1,-1,-1,-1,-1,-1,-1,-1,0,-1
450203,0,1,-1,-1,1,2,-1,-1,-1,-1,-1,1,-1,-1,-1
453286,2,1,-1,-1,1,1,-1,-1,-1,-1,-1,-1,1,-1,-1
455119,-1,-1,-1,-1,1,1,-1,0,-1,-1,-1,1,-1,-1,-1
456501,2,-1,-1,-1,-1,-1,-1,-1,-1,-1,-1,1,1,-1,-1
458677,-1,-1,-1,-1,0,0,-1,-1,-1,-1,-1,-1,0,-1,-1
458681,0,1,-1,-1,1,1,-1,-1,-1,-1,-1,1,-1,1,-1
471911,0,1,-1,-1,-1,1,-1,-1,-1,-1,-1,1,1,1,-1
472610,-1,-1,-1,-1,1,1,-1,0,-1,-1,-1,1,1,1,-1
477132,-1,0,-1,-1,-1,0,-1,2,-1,-1,-1,-1,0,-1,-1
489119,-1,-1,-1,-1,0,0,-1,-1,-1,-1,-1,-1,-1,-1,-1
489446,-1,-1,-1,-1,-1,2,-1,0,-1,-1,-1,-1,-1,-1,-1
493603,2,-1,-1,-1,1,2,-1,-1,-1,-1,-1,1,1,1,-1
500779,1,0,-1,-1,-1,0,-1,-1,-1,-1,-1,2,-1,-1,1
502043,0,1,-1,-1,1,1,-1,-1,-1,-1,-1,1,-1,1,-1
502085,0,-1,-1,-1,1,-1,-1,-1,0,-1,-1,-1,1,-1,-1
502171,-1,-1,-1,-1,-1,-1,-1,0,3,-1,-1,1,-1,-1,-1
502179,2,1,-1,-1,-1,1,-1,-1,-1,-1,-1,-1,-1,1,-1
502624,0,-1,-1,-1,1,1,-1,-1,-1,-1,-1,-1,-1,1,-1
503449,-1,-1,-1,-1,-1,1,-1,-1,-1,-1,-1,-1,-1,-1,-1
506433,-1,1,-1,-1,1,1,-1,0,1,-1,-1,1,1,1,-1
518397,1,-1,-1,-1,-1,-1,-1,-1,-1,-1,-1,2,0,-1,-1
518489,-1,-1,-1,-1,1,1,-1,-1,-1,-1,-1,1,1,-1,-1
518585,-1,-1,-1,-1,1,1,-1,1,-1,-1,-1,-1,-1,-1,-1
518617,1,-1,-1,-1,-1,0,-1,-1,-1,-1,-1,-1,-1,0,-1
518876,0,2,-1,-1,1,2,-1,-1,-1,-1,-1,1,1,-1,-1
518886,-1,-1,-1,-1,-1,2,-1,-1,1,-1,-1,-1,-1,1,-1
519008,1,-1,-1,-1,-1,-1,-1,-1,-1,-1,-1,2,-1,0,-1
519043,1,-1,-1,-1,-1,0,-1,-1,2,-1,-1,-1,-1,-1,-1
519151,0,2,-1,-1,-1,0,-1,-1,-1,-1,-1,1,1,-1,-1
519242,1,-1,-1,-1,-1,0,-1,-1,-1,-1,-1,2,0,-1,-1
519293,1,0,-1,-1,-1,0,-1,-1,-1,-1,-1,-1,0,-1,-1
519326,0,-1,-1,-1,1,1,-1,-1,-1,-1,-1,1,1,1,-1
523260,2,-1,-1,-1,-1,2,-1,-1,3,-1,-1,1,1,-1,-1
527048,1,0,-1,-1,0,0,-1,-1,-1,-1,-1,2,-1,-1,-1
527054,-1,-1,-1,-1,1,-1,-1,-1,-1,-1,-1,1,-1,-1,-1
528748,2,1,-1,-1,1,-1,-1,-1,-1,-1,-1,1,-1,-1,-1
541640,-1,1,-1,-1,1,-1,-1,-1,-1,-1,-1,1,-1,-1,-1
542585,2,-1,-1,-1,-1,1,-1,-1,-1,-1,-1,1,1,-1,-1
542881,1,-1,-1,-1,0,0,-1,-1,-1,-1,-1,2,0,-1,-1
542882,-1,-1,-1,-1,-1,2,-1,-1,-1,-1,-1,-1,-1,-1,-1
542888,-1,-1,-1,-1,1,1,-1,-1,-1,-1,-1,1,1,1,-1
543037,0,-1,-1,-1,1,1,-1,-1,3,-1,-1,1,1,-1,-1
543056,-1,-1,-1,-1,0,1,-1,-1,2,-1,-1,2,-1,0,-1
543135,-1,1,-1,-1,1,2,-1,0,-1,-1,-1,-1,1,-1,-1
543238,-1,-1,-1,-1,-1,0,-1,-1,-1,-1,-1,-1,0,-1,-1
543243,2,1,-1,-1,1,1,-1,-1,-1,-1,-1,1,-1,1,-1
543294,0,2,-1,-1,-1,2,-1,-1,-1,-1,-1,1,-1,-1,-1
543339,0,-1,-1,-1,-1,1,-1,-1,-1,-1,-1,1,1,-1,-1
543351,0,-1,-1,-1,-1,1,-1,-1,-1,-1,-1,1,1,-1,-1
543391,-1,-1,-1,-1,-1,1,-1,-1,-1,-1,-1,-1,-1,-1,-1
543518,-1,-1,-1,-1,-1,1,-1,1,-1,-1,-1,1,1,-1,-1
543766,-1,-1,-1,-1,1,-1,-1,-1,-1,-1,-1,-1,-1,-1,-1
543859,-1,-1,-1,-1,-1,2,-1,-1,-1,-1,-1,1,1,1,-1
544150,0,1,-1,-1,1,1,-1,-1,-1,-1,-1,-1,-1,-1,-1
547001,0,2,-1,-1,-1,1,-1,-1,-1,-1,-1,1,-1,1,-1
547179,0,2,-1,-1,1,1,-1,-1,-1,-1,-1,1,1,1,-1
547184,-1,-1,-1,-1,-1,1,-1,-1,-1,-1,-1,-1,1,1,-1
547973,-1,-1,-1,-1,-1,0,-1,2,-1,-1,-1,2,0,-1,-1
548384,1,-1,-1,-1,0,-1,-1,-1,-1,-1,-1,-1,-1,0,-1
548389,0,-1,-1,-1,1,1,-1,-1,3,-1,-1,1,1,-1,-1
552640,-1,-1,-1,-1,-1,1,-1,-1,-1,-1,-1,1,1,-1,-1
554340,2,2,-1,-1,-1,2,-1,-1,-1,-1,-1,1,1,1,-1
554430,-1,1,-1,-1,1,1,-1,0,-1,-1,-1,1,-1,1,-1
554431,-1,-1,-1,-1,-1,0,-1,-1,-1,-1,-1,-1,0,-1,-1
570257,1,-1,-1,-1,-1,-1,-1,-1,-1,-1,-1,2,-1,0,-1
570632,0,-1,-1,-1,-1,1,-1,-1,-1,-1,-1,1,1,-1,-1
571479,-1,-1,-1,-1,-1,-1,-1,-1,-1,-1,-1,-1,1,-1,-1
571510,1,0,-1,-1,-1,0,-1,-1,-1,-1,-1,2,0,-1,-1
571527,0,-1,-1,-1,1,-1,-1,-1,-1,-1,-1,1,-1,-1,-1
571539,-1,-1,-1,-1,1,1,0,-1,-1,-1,-1,1,-1,-1,-1
571578,1,0,-1,-1,0,0,-1,-1,-1,-1,-1,2,0,-1,-1
571656,0,-1,-1,-1,-1,1,-1,-1,-1,-1,-1,1,1,-1,-1
571657,-1,-1,0,-1,-1,-1,-1,-1,-1,-1,-1,-1,-1,-1,-1
571670,0,-1,-1,-1,-1,2,-1,-1,-1,-1,-1,1,1,-1,-1
571760,1,0,-1,-1,-1,0,-1,-1,-1,-1,-1,2,0,-1,-1
571771,-1,-1,2,-1,-1,-1,-1,-1,-1,-1,-1,-1,-1,-1,-1
571882,0,1,-1,-1,1,1,-1,-1,-1,-1,-1,1,1,-1,-1
571912,-1,-1,-1,2,-1,-1,-1,-1,-1,-1,-1,-1,-1,-1,-1
571927,1,0,-1,-1,-1,-1,-1,-1,-1,-1,-1,2,0,-1,-1
571945,0,1,-1,-1,-1,1,-1,-1,-1,-1,-1,1,1,1,-1
571946,-1,-1,-1,-1,-1,1,-1,0,-1,-1,-1,-1,1,-1,-1
571948,1,-1,-1,-1,-1,0,-1,-1,-1,-1,-1,2,-1,0,-1
572020,1,-1,-1,-1,0,0,-1,-1,2,-1,-1,2,-1,-1,-1
572143,-1,1,-1,-1,1,1,-1,-1,-1,-1,-1,-1,-1,1,-1
572955,-1,2,-1,-1,1,1,-1,-1,-1,-1,-1,-1,-1,-1,-1
572971,1,-1,-1,-1,0,-1,-1,-1,-1,-1,-1,2,-1,-1,-1
573009,1,0,-1,-1,-1,0,-1,-1,-1,-1,-1,2,-1,-1,-1
573124,-1,-1,-1,-1,-1,-1,-1,-1,-1,-1,-1,2,-1,0,-1
573186,-1,2,-1,-1,1,2,-1,0,-1,-1,-1,1,1,-1,0
573204,-1,0,-1,-1,-1,0,-1,-1,-1,-1,-1,-1,-1,0,-1
579328,1,0,-1,-1,-1,0,-1,-1,-1,-1,-1,-1,0,-1,-1
592094,0,-1,-1,-1,-1,1,-1,-1,-1,-1,-1,-1,1,1,-1
592155,-1,-1,-1,-1,0,0,-1,-1,-1,-1,-1,-1,-1,0,-1
592288,1,-1,-1,-1,-1,-1,-1,-1,-1,-1,-1,2,-1,0,-1
592332,-1,-1,-1,-1,-1,1,-1,0,-1,-1,-1,1,1,-1,-1
592351,0,1,-1,-1,-1,1,-1,-1,-1,-1,-1,-1,1,-1,-1
592426,-1,2,-1,-1,-1,1,-1,-1,-1,-1,-1,-1,1,-1,-1
592454,0,-1,-1,-1,-1,1,-1,-1,-1,-1,-1,-1,1,-1,-1
592662,-1,-1,-1,-1,-1,0,-1,-1,0,-1,-1,-1,0,-1,-1
592767,-1,-1,-1,-1,0,-1,-1,-1,0,-1,-1,2,-1,-1,-1
592773,-1,-1,-1,-1,-1,1,-1,1,-1,-1,-1,-1,1,-1,-1
592779,-1,-1,-1,-1,1,1,-1,-1,-1,-1,-1,1,-1,1,-1
592791,0,1,-1,-1,1,1,-1,-1,-1,-1,-1,1,-1,1,-1
592836,-1,1,-1,-1,1,1,-1,0,-1,-1,-1,1,-1,1,-1
592866,2,-1,-1,-1,-1,2,-1,-1,-1,-1,-1,1,1,1,-1
593334,0,0,-1,-1,-1,2,-1,-1,-1,-1,-1,-1,-1,-1,-1
593423,-1,-1,-1,-1,1,1,-1,0,-1,-1,-1,1,1,-1,-1
593576,-1,-1,-1,-1,-1,1,-1,1,-1,-1,-1,1,1,-1,-1
593958,1,-1,-1,-1,0,0,-1,-1,-1,-1,-1,2,0,-1,-1
593974,1,-1,-1,-1,-1,0,-1,-1,-1,-1,-1,2,0,-1,-1
594580,1,-1,-1,-1,-1,0,-1,-1,-1,-1,-1,2,-1,0,-1
594798,-1,-1,-1,-1,-1,1,-1,-1,-1,-1,-1,-1,1,-1,-1
594835,1,0,-1,-1,0,0,-1,-1,-1,-1,-1,2,-1,-1,-1
594902,2,1,-1,-1,-1,2,-1,-1,-1,-1,-1,1,1,1,-1
595014,-1,-1,-1,-1,1,1,-1,-1,-1,-1,-1,1,-1,1,-1
595345,1,-1,-1,-1,-1,0,-1,-1,-1,-1,-1,2,0,-1,-1
595881,-1,1,-1,-1,-1,2,-1,0,-1,-1,-1,1,-1,-1,-1
595897,-1,-1,-1,-1,-1,1,-1,-1,-1,-1,-1,-1,1,-1,-1
595928,-1,-1,-1,-1,-1,1,-1,-1,-1,-1,-1,-1,1,-1,-1
596001,0,-1,-1,-1,-1,2,-1,-1,-1,-1,-1,1,1,-1,-1
596117,-1,-1,1,-1,-1,-1,-1,-1,-1,-1,-1,-1,-1,-1,-1
596133,0,-1,-1,-1,1,1,-1,-1,3,-1,-1,-1,-1,-1,-1
596295,1,-1,-1,-1,-1,0,-1,-1,2,-1,-1,-1,0,-1,-1
598264,-1,-1,-1,-1,-1,1,-1,1,0,-1,-1,-1,-1,-1,-1
598286,1,-1,-1,-1,-1,-1,-1,-1,-1,-1,-1,2,-1,0,-1
600917,0,-1,-1,-1,1,1,-1,-1,-1,-1,-1,1,1,-1,-1
600986,-1,-1,-1,-1,-1,1,-1,-1,-1,-1,-1,1,1,-1,-1
601713,-1,1,-1,-1,1,1,-1,-1,-1,-1,-1,-1,1,1,-1
605121,-1,-1,-1,-1,1,1,-1,-1,-1,-1,-1,1,1,-1,-1
605130,-1,1,-1,-1,-1,2,-1,-1,-1,-1,-1,1,1,-1,-1
605135,0,1,-1,-1,1,2,-1,0,-1,-1,-1,1,1,1,-1
605154,-1,-1,-1,-1,-1,1,-1,-1,-1,-1,-1,-1,1,-1,-1
605155,-1,2,-1,-1,-1,1,-1,-1,-1,-1,-1,-1,1,-1,-1
605156,0,-1,-1,-1,-1,1,-1,-1,-1,-1,-1,1,1,-1,-1
605177,-1,-1,-1,-1,-1,0,-1,-1,-1,-1,-1,2,0,-1,-1
605182,0,-1,-1,-1,1,1,-1,-1,-1,-1,-1,-1,1,-1,-1
605280,-1,-1,-1,-1,-1,-1,-1,-1,-1,-1,-1,1,1,1,-1
605288,0,1,-1,-1,-1,1,-1,-1,-1,-1,-1,1,1,-1,-1
605335,1,-1,-1,-1,-1,0,-1,-1,-1,-1,-1,-1,0,-1,-1
605347,0,-1,-1,-1,-1,1,-1,-1,3,-1,-1,1,1,-1,-1
605397,0,2,-1,-1,1,1,-1,-1,-1,-1,-1,1,-1,1,-1
605400,2,-1,-1,-1,1,2,-1,-1,1,-1,-1,1,-1,-1,-1
605447,-1,-1,-1,-1,-1,1,-1,-1,-1,-1,-1,-1,1,-1,-1
605452,2,-1,-1,-1,-1,1,-1,-1,-1,-1,-1,1,1,-1,-1
605463,-1,-1,-1,-1,-1,2,-1,0,-1,-1,-1,1,1,-1,-1
605483,1,0,-1,-1,-1,0,-1,-1,-1,-1,-1,-1,0,-1,-1
605488,1,-1,-1,-1,-1,0,-1,-1,-1,-1,-1,-1,0,0,-1
605513,2,2,-1,-1,-1,1,-1,-1,-1,-1,-1,1,1,1,-1
606149,0,-1,-1,-1,-1,1,-1,-1,-1,-1,-1,-1,0,-1,-1
606160,2,-1,-1,-1,-1,2,-1,-1,-1,-1,-1,1,1,-1,-1
606303,0,-1,-1,-1,-1,1,-1,-1,-1,-1,-1,1,1,-1,-1
606930,-1,-1,-1,-1,1,1,-1,-1,-1,-1,-1,-1,1,-1,-1
606965,0,-1,-1,-1,0,1,-1,-1,-1,-1,-1,-1,-1,1,-1
607067,-1,1,-1,-1,1,1,-1,0,-1,-1,-1,1,-1,1,-1
607074,1,0,-1,-1,0,0,-1,-1,-1,-1,-1,-1,0,-1,-1
607179,-1,-1,-1,-1,-1,1,-1,-1,-1,-1,-1,-1,1,-1,-1
607192,-1,1,-1,-1,-1,1,-1,-1,-1,-1,-1,1,1,-1,-1
607200,0,-1,-1,-1,1,-1,-1,-1,-1,-1,-1,1,-1,1,-1
607237,-1,-1,-1,-1,-1,0,-1,-1,-1,-1,-1,-1,0,-1,-1
607259,0,2,-1,-1,1,1,-1,-1,-1,-1,-1,1,1,-1,-1
607455,1,-1,-1,-1,-1,0,-1,-1,-1,-1,-1,2,0,-1,-1
607481,-1,-1,-1,-1,0,0,-1,-1,-1,-1,-1,2,-1,0,-1
607536,1,-1,-1,-1,-1,0,-1,-1,2,-1,-1,2,0,-1,-1
607625,0,2,-1,-1,1,1,-1,0,-1,-1,-1,1,1,1,0
607644,1,-1,-1,-1,-1,0,-1,-1,2,-1,-1,-1,0,-1,-1
608032,0,-1,-1,-1,-1,1,-1,-1,-1,-1,-1,-1,1,-1,-1
608331,1,0,-1,-1,0,0,-1,-1,-1,-1,-1,2,0,0,-1
608334,0,2,-1,-1,-1,1,-1,-1,-1,-1,-1,1,1,1,-1
608344,1,0,-1,-1,0,0,-1,-1,-1,-1,-1,2,0,-1,-1
608371,-1,2,-1,-1,1,1,-1,-1,-1,-1,-1,-1,1,1,-1
608379,0,1,-1,-1,1,1,-1,-1,-1,-1,-1,1,1,-1,-1
608566,-1,-1,-1,-1,-1,1,-1,-1,-1,-1,-1,-1,-1,-1,-1
608638,-1,-1,-1,-1,-1,-1,-1,-1,-1,-1,-1,1,0,-1,-1
608648,-1,-1,-1,-1,-1,2,-1,-1,3,-1,-1,1,1,-1,-1
608678,0,-1,-1,-1,1,1,-1,-1,-1,-1,-1,1,1,-1,-1
608717,0,1,-1,-1,-1,1,-1,-1,-1,-1,-1,1,1,-1,-1
608718,1,-1,-1,-1,-1,0,-1,-1,-1,-1,-1,2,0,-1,-1
608723,-1,1,-1,-1,1,1,-1,-1,-1,-1,-1,-1,-1,1,-1
612434,2,-1,-1,-1,-1,-1,-1,-1,-1,-1,-1,1,1,-1,-1
613534,-1,-1,-1,-1,-1,2,-1,-1,-1,-1,-1,-1,1,-1,-1
614179,0,2,-1,-1,-1,1,-1,-1,-1,-1,-1,1,1,-1,-1
615698,0,1,-1,-1,1,-1,-1,0,-1,-1,-1,1,-1,-1,-1
620982,-1,-1,-1,-1,-1,-1,-1,0,-1,-1,-1,1,1,-1,-1
621016,-1,-1,-1,-1,-1,2,-1,-1,-1,-1,-1,0,-1,1,-1
621051,2,-1,-1,-1,-1,1,-1,-1,-1,-1,-1,-1,-1,1,-1
621053,-1,-1,-1,-1,1,1,-1,-1,-1,-1,-1,1,-1,1,-1
621097,0,1,-1,-1,1,1,-1,-1,-1,-1,-1,-1,-1,-1,-1
621107,0,1,-1,-1,1,2,-1,-1,-1,-1,-1,1,-1,1,-1
621111,2,-1,-1,-1,1,1,-1,-1,1,-1,-1,1,-1,1,-1
621112,0,1,-1,-1,1,1,-1,-1,-1,-1,-1,1,1,-1,-1
621114,-1,-1,-1,-1,-1,1,-1,-1,-1,-1,-1,-1,1,-1,-1
621199,-1,-1,-1,-1,1,-1,-1,1,-1,-1,-1,1,-1,1,-1
621237,-1,-1,-1,-1,0,-1,-1,-1,-1,-1,-1,2,-1,-1,-1
621242,-1,-1,-1,-1,-1,2,-1,-1,-1,-1,-1,-1,1,-1,-1
621244,0,-1,-1,-1,1,1,-1,-1,-1,-1,-1,1,-1,-1,2
621294,2,-1,-1,-1,1,-1,-1,-1,-1,-1,-1,1,1,-1,-1
621345,1,-1,-1,-1,0,0,-1,-1,-1,-1,-1,-1,-1,-1,-1
621363,-1,-1,-1,-1,-1,0,-1,-1,-1,-1,-1,-1,0,-1,-1
621366,1,-1,-1,-1,-1,-1,-1,-1,-1,-1,-1,2,0,0,-1
621381,-1,-1,-1,-1,0,0,-1,-1,-1,-1,-1,2,0,-1,-1
621383,1,0,-1,-1,-1,0,-1,-1,-1,-1,-1,2,0,-1,-1
621389,1,0,-1,-1,0,0,-1,-1,-1,-1,-1,2,-1,-1,-1
621399,-1,-1,-1,-1,-1,0,-1,-1,-1,-1,-1,-1,-1,-1,-1
622065,1,0,-1,-1,-1,-1,-1,-1,-1,-1,-1,2,-1,-1,-1
622072,1,-1,-1,-1,-1,-1,-1,-1,-1,-1,-1,2,0,-1,-1
622075,-1,-1,-1,-1,1,-1,-1,-1,-1,-1,-1,1,-1,1,-1
622098,2,-1,-1,-1,1,1,-1,-1,-1,-1,-1,-1,1,-1,-1
622103,-1,-1,-1,-1,-1,-1,-1,-1,-1,-1,-1,-1,1,-1,-1
622250,-1,2,-1,-1,-1,1,-1,-1,-1,-1,-1,-1,1,-1,-1
622251,-1,-1,-1,-1,-1,1,-1,-1,-1,-1,-1,1,1,-1,-1
622253,2,-1,-1,-1,-1,-1,-1,-1,-1,-1,-1,1,-1,1,-1
622259,-1,-1,-1,-1,-1,1,-1,-1,-1,-1,-1,-1,1,-1,-1
622491,2,-1,-1,-1,-1,2,-1,-1,-1,-1,-1,1,0,-1,-1
622503,2,-1,-1,-1,-1,-1,-1,-1,-1,-1,-1,-1,-1,-1,-1
622554,-1,-1,-1,-1,-1,1,-1,-1,-1,-1,-1,1,1,-1,-1
622608,0,-1,-1,-1,-1,1,-1,-1,-1,-1,-1,-1,1,-1,-1
622663,0,-1,-1,-1,1,1,-1,-1,-1,-1,-1,1,1,1,-1
622694,0,-1,-1,-1,1,2,-1,-1,-1,-1,-1,1,-1,-1,-1
622766,0,-1,-1,-1,-1,-1,-1,-1,-1,-1,-1,-1,-1,-1,-1
622786,2,-1,-1,-1,-1,2,-1,-1,-1,-1,-1,1,1,-1,-1
623149,-1,-1,-1,-1,-1,2,-1,-1,-1,-1,-1,-1,-1,1,-1
623167,0,1,-1,-1,0,0,-1,-1,-1,-1,-1,-1,1,-1,-1
623211,0,-1,-1,-1,1,1,-1,-1,-1,-1,-1,1,-1,-1,-1
623352,-1,-1,-1,-1,-1,-1,-1,-1,-1,-1,-1,2,0,-1,-1
623433,0,1,-1,-1,-1,1,-1,-1,-1,-1,-1,1,-1,-1,-1
623451,-1,2,-1,-1,-1,-1,-1,-1,-1,-1,-1,1,-1,-1,-1
623454,-1,-1,-1,-1,-1,1,-1,-1,-1,-1,-1,-1,-1,-1,-1
623465,-1,-1,-1,-1,1,1,-1,-1,-1,-1,-1,1,-1,1,-1
623474,-1,2,-1,-1,-1,2,-1,-1,-1,-1,-1,1,1,-1,-1
624133,1,0,-1,-1,0,0,-1,-1,-1,-1,-1,2,-1,-1,-1
624522,-1,2,-1,-1,1,1,-1,-1,-1,-1,-1,-1,-1,1,-1
624647,1,-1,-1,-1,-1,-1,-1,-1,-1,-1,-1,2,0,-1,-1
625643,0,1,-1,-1,-1,1,-1,-1,-1,-1,-1,-1,1,-1,-1
628317,-1,-1,-1,-1,1,1,-1,0,-1,-1,-1,1,1,1,-1
628452,0,-1,-1,-1,-1,1,-1,-1,-1,-1,-1,1,1,-1,-1
628708,-1,-1,-1,-1,-1,1,-1,0,-1,-1,-1,1,1,-1,-1
630023,-1,-1,-1,-1,-1,1,-1,1,-1,-1,-1,1,1,-1,-1
640448,-1,-1,-1,-1,-1,1,-1,0,-1,-1,-1,-1,1,-1,-1
640451,-1,1,-1,-1,-1,1,-1,0,-1,-1,-1,-1,1,-1,-1
640455,1,-1,-1,-1,0,0,-1,-1,-1,-1,-1,2,0,0,-1
640462,-1,-1,-1,-1,-1,0,-1,2,-1,-1,-1,2,0,0,-1
640470,-1,-1,-1,-1,1,1,-1,-1,-1,-1,-1,1,1,-1,-1
641149,-1,1,-1,-1,-1,1,-1,-1,-1,-1,-1,1,1,-1,-1
641154,0,1,-1,-1,-1,1,-1,-1,-1,-1,-1,1,-1,1,-1
641302,1,-1,-1,-1,0,0,-1,-1,-1,-1,-1,2,-1,0,-1
641312,-1,-1,-1,-1,-1,1,-1,-1,-1,-1,-1,1,1,1,-1
641329,0,-1,-1,-1,-1,1,-1,-1,-1,-1,-1,-1,1,-1,-1
641343,-1,-1,-1,1,-1,-1,-1,-1,-1,-1,-1,-1,-1,-1,-1
641360,-1,-1,-1,-1,-1,2,-1,-1,-1,-1,-1,-1,1,-1,-1
641401,0,-1,-1,-1,1,1,-1,-1,-1,-1,-1,-1,-1,-1,-1
641482,1,-1,-1,-1,0,0,-1,-1,-1,-1,-1,2,-1,0,-1
641540,2,-1,-1,-1,1,2,-1,-1,1,-1,-1,1,1,-1,-1
641582,-1,-1,-1,-1,-1,1,-1,-1,-1,-1,-1,-1,1,-1,-1
641585,0,1,-1,-1,1,1,-1,-1,-1,-1,-1,-1,-1,-1,-1
641645,-1,-1,-1,1,-1,-1,-1,-1,-1,-1,-1,-1,-1,-1,-1
641656,-1,-1,-1,-1,-1,1,-1,-1,-1,-1,-1,1,1,-1,-1
641703,-1,-1,-1,-1,-1,1,-1,-1,-1,-1,0,-1,1,-1,-1
641712,0,2,-1,-1,-1,1,-1,-1,-1,-1,-1,1,0,-1,-1
641726,0,-1,-1,-1,1,-1,-1,-1,-1,-1,-1,1,1,-1,-1
641729,2,-1,-1,-1,-1,1,-1,-1,-1,-1,-1,-1,1,-1,-1
641745,0,-1,-1,-1,-1,1,-1,-1,-1,-1,-1,1,1,1,-1
641755,0,-1,-1,-1,-1,1,-1,-1,-1,-1,-1,-1,1,-1,-1
641771,2,-1,-1,-1,1,2,-1,-1,-1,-1,-1,1,1,1,-1
641793,-1,-1,-1,-1,-1,1,-1,1,-1,-1,-1,1,1,1,-1
641816,-1,-1,-1,-1,-1,2,-1,0,-1,-1,-1,-1,-1,-1,-1
641835,-1,-1,-1,-1,-1,-1,-1,-1,-1,-1,-1,2,0,-1,-1
641927,0,1,-1,-1,1,1,-1,-1,-1,-1,-1,-1,1,-1,-1
641941,-1,-1,-1,-1,1,1,-1,0,-1,-1,-1,-1,-1,-1,-1
642016,-1,-1,-1,-1,-1,1,-1,-1,-1,-1,-1,-1,-1,1,-1
642028,-1,-1,-1,-1,-1,0,-1,-1,-1,-1,-1,-1,-1,0,-1
642048,1,-1,-1,-1,-1,0,-1,-1,-1,-1,-1,2,0,0,-1
642100,-1,-1,-1,-1,-1,0,-1,-1,-1,-1,-1,2,0,-1,-1
642121,0,-1,-1,-1,1,1,-1,-1,-1,-1,-1,-1,-1,-1,-1
642133,-1,-1,2,-1,-1,-1,-1,-1,-1,-1,-1,-1,-1,-1,-1
642207,2,-1,-1,-1,-1,2,-1,-1,-1,-1,-1,-1,-1,-1,-1
642216,0,-1,-1,-1,-1,-1,-1,-1,-1,-1,-1,1,1,-1,-1
642232,1,0,-1,-1,0,0,-1,-1,-1,-1,-1,2,-1,-1,-1
642239,-1,-1,-1,-1,0,0,-1,-1,-1,-1,-1,-1,-1,-1,-1
642397,-1,-1,-1,-1,-1,0,-1,-1,-1,-1,-1,2,0,0,-1
642520,0,1,-1,-1,-1,1,-1,-1,-1,-1,-1,1,1,-1,-1
642528,-1,-1,-1,-1,-1,-1,-1,-1,-1,-1,-1,1,-1,-1,-1
642545,-1,-1,-1,-1,-1,-1,-1,-1,-1,-1,-1,-1,1,-1,-1
642546,0,-1,-1,-1,-1,-1,-1,-1,-1,-1,-1,1,1,-1,-1
642547,2,1,-1,-1,-1,1,-1,-1,-1,-1,-1,-1,1,-1,-1
642629,-1,-1,-1,-1,-1,0,-1,1,-1,-1,-1,-1,1,-1,-1
642701,0,-1,-1,-1,1,1,-1,-1,-1,-1,-1,1,1,-1,-1
642834,-1,-1,-1,-1,-1,0,-1,-1,-1,-1,-1,-1,-1,0,-1
643256,-1,-1,-1,-1,-1,2,-1,-1,-1,-1,-1,0,1,-1,-1
643338,-1,-1,-1,-1,-1,1,-1,-1,-1,-1,-1,-1,1,-1,-1
643361,0,-1,-1,-1,1,1,-1,-1,-1,-1,-1,-1,-1,-1,-1
643377,0,2,-1,-1,-1,1,-1,-1,-1,-1,-1,1,-1,1,-1
643410,-1,1,-1,-1,1,-1,-1,1,-1,-1,-1,1,-1,1,-1
643493,-1,-1,-1,-1,-1,-1,-1,-1,-1,-1,-1,-1,1,-1,-1
643511,-1,-1,-1,-1,-1,-1,-1,-1,-1,-1,-1,0,1,-1,-1
646242,-1,-1,-1,-1,-1,0,-1,-1,-1,-1,-1,-1,0,-1,-1
647315,-1,-1,-1,-1,1,-1,-1,-1,-1,-1,-1,1,1,-1,-1
647336,0,-1,-1,-1,-1,1,-1,-1,-1,-1,-1,1,1,-1,-1
650556,-1,-1,-1,-1,-1,1,-1,-1,-1,-1,-1,-1,1,-1,-1
650633,0,-1,-1,-1,-1,1,-1,-1,-1,-1,-1,1,1,1,-1
650644,-1,2,-1,-1,0,1,-1,0,-1,-1,-1,1,1,1,-1
650671,-1,-1,-1,-1,-1,0,-1,-1,-1,-1,-1,-1,-1,-1,-1
650893,1,0,-1,-1,0,0,-1,-1,-1,-1,-1,2,-1,-1,-1
650895,-1,-1,-1,-1,-1,-1,-1,-1,-1,-1,-1,1,1,-1,-1
650911,1,-1,-1,-1,-1,-1,-1,-1,-1,-1,-1,2,0,-1,-1
650960,-1,-1,-1,-1,-1,-1,-1,-1,-1,-1,-1,-1,1,-1,-1
655889,-1,-1,-1,-1,-1,1,-1,-1,-1,-1,-1,1,1,-1,-1
656186,-1,-1,-1,-1,-1,2,-1,-1,-1,-1,-1,-1,1,-1,-1
656222,1,-1,-1,-1,0,0,-1,-1,-1,-1,-1,-1,-1,-1,-1
656232,0,2,-1,-1,-1,1,-1,-1,-1,-1,-1,1,1,-1,-1
656234,-1,2,-1,-1,1,-1,-1,-1,-1,-1,-1,1,1,-1,-1
656240,-1,-1,-1,-1,-1,1,-1,1,-1,-1,-1,-1,1,-1,-1
656266,-1,-1,-1,-1,-1,-1,-1,-1,-1,-1,-1,1,1,-1,-1
656271,1,-1,-1,-1,-1,0,-1,-1,-1,-1,-1,2,0,-1,-1
656288,0,1,-1,-1,-1,1,-1,-1,-1,-1,-1,1,0,-1,-1
656302,-1,-1,-1,-1,-1,1,-1,-1,3,-1,-1,-1,1,1,-1
656354,-1,-1,-1,-1,0,-1,-1,-1,-1,-1,-1,2,-1,0,-1
656412,0,-1,-1,-1,-1,1,-1,-1,-1,-1,-1,1,1,-1,-1
656420,0,-1,-1,-1,-1,1,-1,-1,-1,-1,-1,-1,1,-1,-1
656427,2,-1,-1,-1,-1,1,-1,-1,1,-1,-1,1,1,-1,-1
656457,-1,-1,-1,-1,0,0,-1,-1,-1,-1,-1,2,-1,0,-1
656458,-1,-1,-1,-1,-1,0,-1,-1,-1,-1,-1,-1,0,-1,-1
656464,-1,-1,-1,-1,-1,1,-1,-1,-1,-1,-1,1,1,-1,-1
656529,-1,0,-1,-1,-1,0,-1,-1,-1,-1,-1,2,0,-1,-1
656546,-1,-1,-1,-1,-1,1,-1,0,-1,-1,-1,1,1,-1,-1
656550,-1,2,-1,-1,1,1,-1,-1,-1,-1,-1,-1,1,-1,-1
656557,-1,-1,-1,-1,1,-1,-1,0,-1,-1,-1,1,-1,1,-1
656605,-1,1,-1,-1,1,1,-1,-1,-1,-1,-1,1,1,1,-1
656629,-1,-1,-1,-1,1,1,-1,-1,-1,-1,-1,-1,1,-1,-1
656638,2,-1,-1,-1,-1,1,-1,-1,0,-1,-1,1,-1,-1,-1
656641,1,0,-1,-1,-1,0,-1,-1,-1,-1,-1,-1,0,-1,-1
656657,-1,-1,-1,-1,-1,0,-1,-1,-1,-1,-1,-1,-1,-1,-1
656671,1,-1,-1,-1,-1,-1,-1,-1,-1,-1,-1,2,-1,-1,-1
656730,-1,-1,-1,-1,-1,1,-1,-1,0,-1,-1,-1,-1,-1,-1
656731,-1,1,-1,-1,1,1,-1,1,-1,-1,-1,1,1,-1,-1
656756,1,0,-1,-1,-1,0,-1,-1,-1,-1,-1,2,0,-1,-1
656786,-1,0,-1,-1,0,0,-1,-1,-1,-1,-1,2,-1,-1,-1
656793,-1,-1,-1,-1,-1,2,-1,-1,-1,-1,-1,1,-1,-1,-1
656794,-1,0,-1,-1,-1,0,-1,-1,-1,-1,-1,-1,-1,-1,1
656814,-1,-1,-1,-1,-1,-1,-1,-1,-1,-1,-1,-1,-1,1,-1
656848,-1,-1,-1,-1,1,1,-1,-1,-1,-1,-1,-1,-1,-1,-1
656849,1,0,-1,-1,-1,0,-1,-1,-1,-1,-1,2,0,-1,-1
656876,-1,-1,-1,-1,1,1,-1,-1,-1,-1,-1,1,-1,1,-1
656887,2,-1,-1,-1,-1,1,-1,-1,-1,-1,-1,-1,1,-1,-1
656896,-1,-1,1,-1,-1,-1,-1,-1,-1,-1,-1,-1,-1,-1,-1
656924,-1,-1,-1,-1,-1,2,-1,-1,-1,-1,-1,1,1,-1,-1
656945,-1,-1,-1,-1,-1,0,-1,-1,-1,-1,-1,-1,0,-1,-1
657006,1,0,-1,-1,-1,0,-1,-1,-1,-1,-1,2,0,-1,-1
657024,-1,-1,-1,-1,-1,1,-1,1,-1,-1,-1,-1,1,-1,-1
657044,-1,-1,-1,-1,-1,2,-1,-1,-1,-1,-1,0,1,-1,-1
657053,-1,1,-1,-1,-1,2,-1,0,-1,-1,-1,1,-1,-1,-1
657097,0,-1,-1,-1,-1,1,-1,-1,-1,-1,-1,-1,-1,1,-1
657240,0,-1,-1,-1,-1,1,-1,-1,-1,-1,-1,-1,1,-1,-1
657265,2,-1,-1,-1,1,2,-1,-1,-1,-1,-1,-1,1,-1,-1
657277,2,-1,-1,-1,1,2,-1,-1,-1,-1,-1,1,-1,1,-1
657376,-1,-1,-1,-1,1,-1,-1,-1,3,-1,-1,1,-1,1,-1
657508,-1,-1,-1,-1,-1,1,-1,-1,0,-1,-1,-1,1,-1,-1
657514,-1,0,-1,-1,0,-1,-1,-1,-1,-1,-1,2,0,-1,-1
657571,-1,-1,-1,-1,0,0,-1,-1,-1,-1,-1,2,-1,-1,1
657585,-1,-1,-1,-1,1,1,-1,0,-1,-1,-1,1,-1,1,-1
657612,-1,-1,-1,-1,-1,0,-1,-1,-1,-1,-1,0,0,-1,-1
657649,1,0,-1,-1,0,-1,-1,-1,-1,-1,-1,2,-1,-1,-1
657697,-1,-1,-1,-1,1,-1,-1,-1,-1,-1,-1,-1,-1,1,-1
657746,-1,-1,-1,-1,-1,2,-1,0,-1,-1,-1,1,1,1,-1
658648,0,1,-1,-1,-1,1,-1,-1,-1,-1,-1,1,1,1,-1
659275,-1,-1,-1,-1,-1,1,-1,-1,-1,-1,-1,-1,-1,-1,-1
660600,-1,-1,-1,-1,-1,2,-1,-1,-1,-1,-1,1,1,-1,-1
660644,-1,-1,-1,0,-1,-1,-1,-1,-1,-1,-1,-1,-1,-1,-1
660761,1,-1,-1,-1,-1,0,-1,-1,-1,-1,-1,2,0,0,-1
660787,-1,-1,-1,-1,-1,-1,-1,-1,-1,-1,-1,1,-1,-1,-1
660813,-1,-1,-1,-1,1,-1,-1,-1,-1,-1,-1,1,1,-1,-1
660825,-1,-1,-1,-1,-1,1,-1,0,-1,-1,-1,1,1,-1,-1
660853,0,-1,-1,-1,-1,1,-1,-1,-1,-1,-1,-1,1,-1,-1
660896,0,-1,-1,-1,-1,1,-1,-1,-1,-1,-1,1,1,-1,-1
661269,2,-1,-1,-1,-1,2,-1,-1,-1,-1,-1,-1,1,-1,-1
661395,-1,2,-1,-1,-1,1,-1,0,-1,-1,-1,-1,-1,-1,-1
661403,-1,-1,-1,-1,1,-1,-1,-1,-1,-1,-1,-1,1,-1,-1
661527,2,-1,-1,-1,-1,2,-1,-1,-1,-1,-1,0,-1,1,-1
661563,0,-1,-1,-1,-1,1,-1,-1,-1,-1,-1,-1,1,-1,-1
662253,-1,-1,-1,-1,-1,1,-1,-1,-1,-1,-1,1,1,-1,-1
663158,0,-1,-1,-1,-1,1,-1,-1,-1,-1,-1,1,-1,-1,-1
663321,-1,-1,-1,-1,-1,1,-1,-1,-1,-1,-1,-1,1,-1,-1
663362,-1,-1,-1,-1,1,1,-1,-1,-1,0,-1,1,-1,1,-1
663372,0,1,-1,-1,-1,1,-1,-1,-1,-1,-1,1,1,1,-1
663423,2,2,-1,-1,1,1,-1,-1,-1,-1,-1,1,1,1,-1
663432,-1,-1,-1,-1,-1,1,-1,-1,-1,-1,-1,-1,1,-1,-1
663436,0,1,-1,-1,1,1,-1,-1,-1,-1,-1,-1,1,-1,-1
663460,1,-1,-1,-1,-1,0,-1,-1,-1,-1,-1,-1,0,-1,-1
663462,-1,-1,-1,-1,-1,1,-1,-1,-1,-1,-1,-1,1,1,-1
663465,1,0,-1,-1,0,0,-1,-1,-1,-1,-1,2,-1,-1,-1
663474,-1,1,-1,-1,-1,1,-1,-1,-1,-1,-1,-1,1,-1,-1
663485,-1,2,-1,-1,1,1,-1,0,-1,-1,-1,1,-1,-1,-1
663531,-1,-1,-1,-1,0,0,-1,2,-1,-1,-1,2,-1,0,-1
663542,-1,-1,-1,-1,0,0,-1,-1,-1,-1,-1,-1,-1,0,-1
663546,-1,-1,-1,-1,1,-1,-1,-1,0,-1,-1,1,-1,-1,-1
663554,-1,-1,-1,-1,-1,1,-1,0,1,-1,-1,1,1,-1,-1
663559,-1,0,-1,-1,-1,0,-1,-1,-1,-1,-1,2,0,-1,-1
663562,-1,-1,-1,-1,1,-1,-1,-1,-1,-1,1,1,-1,1,-1
663567,0,1,-1,-1,-1,1,-1,-1,-1,-1,-1,1,1,-1,2
663568,2,-1,-1,-1,1,1,-1,-1,-1,-1,-1,1,1,1,-1
663574,-1,-1,-1,-1,-1,1,-1,-1,-1,-1,-1,-1,1,-1,-1
663623,0,1,-1,-1,1,1,-1,-1,-1,-1,-1,1,-1,-1,-1
663687,1,0,-1,-1,-1,0,-1,-1,-1,-1,-1,-1,0,-1,-1
663704,-1,2,-1,-1,-1,2,-1,-1,-1,-1,-1,1,1,-1,-1
663738,1,-1,-1,-1,-1,0,-1,-1,2,-1,-1,2,0,-1,-1
663752,-1,-1,-1,-1,-1,1,-1,-1,-1,-1,-1,-1,-1,-1,-1
663765,2,-1,-1,-1,1,-1,-1,-1,-1,-1,-1,1,-1,1,-1
663767,2,-1,-1,-1,1,2,-1,-1,-1,-1,-1,1,-1,1,-1
663773,-1,-1,-1,-1,-1,1,-1,1,-1,-1,-1,1,1,-1,-1
663776,1,0,-1,-1,-1,0,-1,-1,-1,-1,-1,2,0,0,-1
663855,-1,-1,-1,-1,-1,1,-1,1,-1,-1,-1,1,-1,1,-1
663878,-1,1,-1,-1,-1,1,-1,-1,-1,-1,-1,1,1,-1,-1
663893,-1,-1,-1,-1,0,-1,-1,-1,2,-1,-1,2,-1,-1,-1
663897,-1,-1,1,-1,-1,-1,-1,-1,-1,-1,-1,-1,-1,-1,-1
663903,2,-1,-1,-1,-1,2,-1,-1,-1,-1,-1,1,1,1,-1
663941,-1,1,-1,-1,-1,1,-1,-1,-1,-1,-1,-1,1,1,-1
663947,1,0,-1,-1,0,0,-1,-1,-1,-1,-1,2,-1,0,-1
663969,2,1,-1,-1,-1,1,-1,-1,-1,-1,-1,1,-1,1,-1
663978,0,1,-1,-1,-1,1,-1,-1,-1,-1,-1,-1,1,-1,-1
663989,-1,0,-1,-1,0,-1,-1,-1,-1,-1,-1,-1,0,-1,-1
663992,-1,-1,-1,-1,-1,0,-1,-1,-1,-1,-1,2,0,-1,-1
664076,-1,-1,-1,-1,0,0,-1,-1,-1,-1,-1,2,0,0,-1
664079,-1,-1,-1,-1,0,-1,-1,-1,-1,-1,-1,2,-1,0,-1
664123,-1,-1,-1,-1,-1,-1,-1,-1,-1,-1,-1,0,-1,-1,-1
664126,0,-1,-1,-1,-1,1,-1,-1,-1,-1,-1,-1,1,-1,-1
664129,-1,-1,-1,-1,1,2,-1,-1,-1,-1,-1,1,1,-1,-1
664192,-1,0,-1,-1,0,-1,-1,-1,-1,-1,-1,2,-1,-1,-1
664208,-1,1,-1,-1,1,-1,-1,-1,-1,-1,-1,1,1,1,-1
664285,1,0,-1,-1,-1,0,-1,-1,-1,-1,-1,2,0,-1,-1
664299,0,-1,-1,-1,-1,1,-1,-1,3,-1,-1,-1,1,-1,-1
664350,0,-1,-1,-1,1,1,-1,-1,-1,-1,-1,1,-1,-1,-1
664351,-1,1,-1,-1,-1,2,-1,-1,-1,-1,-1,-1,1,-1,-1
664747,-1,-1,-1,-1,-1,2,-1,-1,-1,-1,-1,-1,1,-1,-1
664776,-1,-1,-1,-1,-1,-1,-1,-1,-1,-1,-1,1,1,-1,-1
664849,-1,-1,-1,-1,-1,-1,-1,-1,-1,-1,-1,2,-1,0,-1
664854,-1,1,-1,-1,-1,1,-1,-1,-1,-1,-1,-1,1,-1,-1
664875,-1,-1,-1,-1,-1,-1,-1,-1,-1,-1,-1,0,-1,1,-1
664948,-1,-1,-1,-1,0,-1,-1,-1,-1,-1,-1,-1,-1,-1,-1
665152,-1,1,-1,-1,1,1,-1,1,-1,-1,-1,1,-1,-1,-1
665620,0,1,-1,-1,-1,2,-1,-1,-1,-1,-1,-1,-1,1,-1
665622,0,2,-1,-1,-1,1,-1,-1,-1,-1,-1,1,1,-1,-1
665625,-1,-1,-1,-1,-1,-1,-1,-1,-1,-1,-1,1,1,-1,-1
665795,0,1,-1,-1,-1,1,-1,-1,-1,-1,-1,1,1,-1,-1
665871,0,1,-1,-1,1,1,-1,-1,-1,-1,-1,1,1,1,-1
665896,2,-1,-1,-1,-1,1,-1,-1,-1,-1,-1,1,1,-1,-1
666129,1,-1,-1,-1,0,0,-1,-1,-1,-1,-1,2,0,-1,-1
666142,1,-1,-1,-1,0,0,-1,-1,2,-1,-1,-1,0,-1,-1
666149,-1,-1,-1,1,-1,-1,-1,-1,-1,-1,-1,-1,-1,-1,-1
666157,1,0,-1,-1,-1,0,-1,-1,-1,-1,-1,2,-1,-1,-1
666159,-1,1,-1,-1,-1,1,-1,0,-1,-1,-1,-1,1,1,-1
666163,-1,-1,-1,0,-1,-1,-1,-1,-1,-1,-1,-1,-1,-1,-1
666171,-1,-1,-1,-1,1,1,-1,-1,-1,-1,-1,-1,-1,1,-1
666200,1,-1,-1,-1,-1,0,-1,-1,-1,-1,-1,2,0,-1,-1
666201,0,-1,-1,-1,-1,1,-1,-1,-1,-1,-1,1,1,-1,-1
666204,0,-1,-1,-1,-1,1,-1,-1,-1,-1,-1,-1,0,-1,-1
666205,1,0,-1,-1,-1,0,-1,-1,-1,-1,-1,-1,0,-1,-1
666207,-1,-1,-1,-1,-1,2,-1,-1,-1,-1,-1,-1,1,-1,-1
666208,-1,-1,-1,-1,1,-1,-1,-1,-1,-1,-1,-1,-1,-1,-1
666214,1,0,-1,-1,0,0,-1,-1,-1,-1,-1,-1,-1,-1,-1
666215,-1,-1,-1,-1,-1,-1,-1,-1,-1,-1,-1,1,-1,-1,-1
666277,2,-1,-1,-1,-1,2,-1,-1,-1,-1,-1,-1,1,-1,-1
666619,-1,-1,-1,-1,-1,-1,-1,-1,-1,-1,-1,1,1,-1,-1
666720,2,-1,-1,-1,-1,1,-1,-1,-1,-1,-1,-1,1,-1,-1
666745,0,-1,-1,-1,-1,1,-1,-1,-1,-1,-1,1,1,-1,-1
666808,-1,-1,-1,-1,1,-1,-1,-1,-1,-1,-1,1,1,-1,-1
666818,-1,-1,-1,-1,1,1,-1,-1,-1,-1,-1,1,1,-1,-1
666974,0,-1,-1,-1,-1,2,-1,-1,-1,-1,-1,1,1,-1,-1
667297,-1,2,-1,-1,-1,-1,-1,-1,-1,-1,-1,1,1,-1,-1
667427,-1,-1,-1,-1,-1,1,-1,-1,-1,-1,-1,-1,-1,-1,-1
667463,1,-1,-1,-1,-1,-1,-1,-1,-1,-1,-1,2,0,-1,-1
667725,-1,1,-1,-1,1,2,-1,-1,-1,-1,-1,-1,1,-1,-1
667755,-1,-1,-1,-1,-1,1,-1,0,0,-1,-1,1,1,-1,-1
668338,2,1,-1,-1,-1,2,-1,-1,-1,-1,-1,-1,-1,1,-1
668390,-1,-1,-1,-1,-1,1,-1,0,-1,-1,-1,-1,1,-1,-1
668472,-1,-1,-1,0,-1,-1,-1,-1,-1,-1,-1,-1,-1,-1,-1
668674,0,-1,-1,-1,-1,1,-1,-1,-1,-1,-1,1,1,-1,-1
668676,0,-1,-1,-1,-1,1,-1,-1,-1,-1,-1,-1,0,-1,-1
668678,0,-1,-1,-1,1,1,-1,-1,0,-1,-1,-1,1,-1,-1
668868,-1,0,-1,-1,-1,0,1,-1,-1,-1,-1,-1,0,-1,-1
668873,-1,-1,-1,-1,0,1,-1,-1,-1,-1,-1,-1,-1,-1,-1
668881,-1,2,-1,-1,-1,1,-1,0,-1,-1,-1,-1,1,-1,-1
668909,0,1,-1,-1,1,1,-1,-1,-1,-1,-1,-1,1,-1,-1
668933,0,-1,-1,-1,0,-1,-1,-1,-1,-1,-1,1,1,-1,-1
668941,1,-1,-1,-1,-1,0,-1,-1,-1,-1,-1,2,0,-1,-1
668943,-1,-1,-1,-1,-1,-1,-1,-1,-1,-1,-1,1,1,1,-1
668964,0,1,-1,-1,1,1,-1,-1,-1,-1,-1,-1,1,-1,-1
668968,0,-1,-1,-1,-1,-1,-1,-1,-1,-1,-1,1,0,-1,-1
668984,2,-1,-1,-1,-1,2,-1,-1,-1,-1,-1,-1,1,-1,-1
669022,1,0,-1,-1,-1,0,-1,-1,-1,-1,-1,-1,0,0,-1
669060,0,1,-1,-1,1,1,-1,-1,-1,-1,-1,1,-1,-1,-1
669062,1,-1,-1,-1,-1,0,-1,-1,-1,-1,-1,-1,0,-1,-1
669084,1,0,-1,-1,-1,0,-1,-1,-1,-1,-1,-1,0,-1,-1
669093,-1,-1,-1,-1,-1,1,-1,0,-1,-1,-1,-1,1,-1,-1
669111,-1,-1,-1,-1,-1,1,-1,-1,-1,-1,-1,-1,1,-1,-1
669165,0,-1,-1,-1,-1,2,-1,-1,-1,-1,-1,-1,-1,-1,-1
669169,-1,-1,-1,-1,-1,1,-1,-1,-1,-1,-1,-1,1,1,-1
669194,0,1,-1,-1,1,1,-1,-1,-1,-1,-1,-1,1,1,-1
669199,2,-1,-1,-1,-1,1,-1,-1,-1,-1,-1,-1,1,-1,-1
669203,0,1,-1,-1,1,-1,-1,-1,-1,-1,-1,1,1,1,-1
669211,1,-1,-1,-1,-1,0,-1,-1,-1,-1,-1,-1,0,-1,-1
669212,0,-1,-1,-1,-1,1,-1,-1,-1,-1,-1,-1,1,-1,-1
669270,-1,-1,-1,-1,-1,1,-1,-1,-1,-1,-1,1,1,-1,-1
669276,1,-1,-1,-1,-1,0,-1,-1,-1,-1,-1,-1,0,-1,-1
669302,-1,1,-1,-1,1,1,-1,1,-1,-1,-1,1,0,-1,-1
669308,-1,-1,-1,-1,-1,1,-1,-1,-1,-1,-1,-1,1,-1,-1
669330,0,-1,-1,-1,1,1,-1,-1,-1,-1,-1,-1,-1,-1,-1
669358,0,1,-1,-1,-1,1,-1,-1,-1,-1,-1,-1,1,-1,-1
669372,2,-1,-1,-1,-1,-1,-1,-1,-1,-1,-1,1,1,-1,-1
669373,1,-1,-1,-1,-1,0,-1,-1,2,-1,-1,2,0,-1,-1
669387,-1,-1,-1,-1,1,2,-1,-1,-1,-1,-1,-1,1,1,-1
669391,-1,-1,-1,-1,-1,1,-1,-1,-1,-1,-1,-1,-1,-1,-1
669422,-1,2,-1,-1,-1,1,-1,-1,-1,-1,-1,1,1,-1,-1
669432,1,-1,-1,-1,-1,0,-1,-1,-1,-1,-1,2,0,-1,-1
669438,0,-1,-1,-1,1,1,-1,-1,-1,-1,-1,1,1,-1,-1
669456,-1,-1,-1,-1,-1,1,-1,-1,-1,-1,-1,-1,1,-1,-1
669459,-1,-1,-1,-1,0,0,-1,-1,-1,-1,-1,-1,0,-1,-1
669461,1,0,-1,-1,0,0,-1,-1,-1,-1,-1,2,0,-1,-1
669467,-1,-1,-1,-1,-1,1,-1,-1,3,-1,-1,1,1,-1,-1
669620,1,0,-1,-1,0,0,-1,-1,-1,-1,-1,-1,-1,-1,-1
669622,2,-1,-1,-1,1,-1,-1,-1,-1,-1,-1,1,-1,1,-1
669674,-1,0,-1,-1,-1,0,-1,2,-1,-1,-1,-1,0,-1,-1
669711,2,-1,-1,-1,-1,2,-1,-1,-1,-1,-1,1,1,1,-1
669713,2,-1,-1,-1,1,1,-1,-1,-1,-1,-1,1,-1,1,-1
669721,0,1,-1,-1,-1,1,-1,-1,-1,-1,-1,-1,1,-1,-1
669724,2,-1,-1,-1,-1,2,-1,-1,-1,-1,-1,1,1,-1,-1
669796,-1,-1,-1,-1,-1,0,-1,-1,-1,-1,-1,-1,0,-1,-1
669854,0,1,-1,-1,-1,1,-1,-1,-1,-1,-1,-1,1,-1,-1
669912,1,-1,-1,-1,-1,0,-1,-1,-1,-1,-1,2,0,-1,-1
669923,-1,-1,-1,-1,-1,1,-1,1,3,-1,-1,1,1,-1,-1
669952,-1,2,-1,-1,-1,1,-1,-1,-1,-1,-1,1,1,1,-1
670036,-1,-1,-1,-1,1,2,-1,-1,-1,-1,-1,-1,-1,1,-1
670046,1,-1,-1,-1,0,0,-1,-1,-1,-1,-1,-1,-1,-1,-1
670059,-1,-1,-1,-1,1,-1,-1,-1,-1,-1,-1,1,-1,1,-1
670102,-1,1,-1,-1,-1,1,-1,1,-1,-1,-1,1,1,-1,-1
670124,-1,1,-1,-1,-1,1,-1,-1,-1,-1,-1,-1,-1,-1,2
670161,-1,-1,-1,-1,-1,-1,-1,-1,-1,-1,-1,-1,1,-1,-1
670167,2,-1,-1,-1,1,2,-1,-1,-1,-1,-1,0,-1,1,-1
670174,0,-1,-1,-1,1,1,-1,-1,-1,-1,-1,1,1,-1,-1
670223,-1,-1,2,-1,-1,-1,-1,-1,-1,-1,-1,-1,-1,-1,-1
670241,0,-1,-1,-1,1,1,-1,-1,-1,-1,-1,-1,-1,-1,-1
670280,-1,1,-1,-1,-1,1,-1,0,-1,-1,-1,-1,-1,-1,-1
670766,2,-1,-1,-1,-1,2,-1,-1,-1,-1,-1,1,-1,1,-1
670810,-1,-1,-1,-1,-1,1,-1,-1,-1,-1,-1,-1,-1,1,-1
670871,2,-1,-1,-1,-1,1,-1,-1,-1,-1,-1,1,1,-1,-1
670950,0,-1,-1,-1,-1,1,-1,-1,-1,-1,-1,-1,-1,-1,-1
670955,2,-1,-1,-1,1,2,-1,-1,-1,-1,-1,-1,-1,1,-1
670970,-1,-1,-1,-1,-1,0,-1,2,-1,-1,-1,2,0,0,-1
670990,-1,1,-1,-1,-1,2,-1,-1,-1,-1,-1,1,-1,1,-1
671096,1,0,-1,-1,-1,0,-1,-1,-1,-1,-1,-1,-1,0,-1
671106,1,-1,-1,-1,0,0,-1,-1,-1,-1,-1,-1,-1,0,-1
671111,1,-1,-1,-1,-1,0,-1,-1,-1,-1,-1,-1,-1,0,-1
671131,-1,-1,-1,-1,1,1,-1,-1,-1,-1,-1,1,1,-1,-1
671212,-1,1,-1,-1,-1,1,-1,-1,-1,-1,-1,-1,1,-1,-1
671305,-1,-1,-1,-1,-1,1,-1,-1,-1,-1,-1,1,1,-1,-1
671345,2,-1,-1,-1,-1,2,-1,-1,-1,-1,-1,1,1,-1,-1
671737,-1,1,-1,-1,1,1,-1,0,-1,-1,-1,-1,-1,-1,-1
671922,-1,-1,-1,-1,-1,1,-1,1,-1,-1,-1,-1,-1,1,-1
672282,1,0,-1,-1,-1,0,-1,-1,-1,-1,-1,-1,0,-1,-1
672335,-1,-1,-1,-1,-1,0,-1,-1,-1,-1,-1,2,0,-1,-1
672391,0,-1,-1,-1,1,1,-1,-1,-1,-1,-1,-1,-1,1,-1
672456,0,-1,-1,-1,-1,1,-1,-1,3,-1,-1,1,1,-1,-1
672552,1,0,-1,-1,-1,0,-1,-1,-1,-1,-1,-1,0,-1,-1
672578,-1,-1,-1,-1,-1,1,-1,0,0,-1,-1,-1,1,-1,-1
672582,1,-1,-1,-1,-1,0,-1,-1,-1,-1,-1,2,0,-1,-1
672710,0,1,-1,-1,-1,1,-1,-1,-1,-1,-1,1,1,1,-1
672712,1,-1,-1,-1,-1,-1,-1,-1,-1,-1,-1,-1,-1,-1,-1
672782,-1,1,-1,-1,-1,2,-1,-1,-1,-1,-1,-1,1,1,-1
672851,-1,-1,-1,-1,-1,2,-1,-1,-1,-1,-1,1,-1,-1,-1
672860,-1,-1,-1,-1,-1,1,-1,-1,-1,-1,-1,-1,1,-1,-1
673380,-1,-1,-1,-1,-1,1,-1,-1,-1,-1,-1,-1,1,-1,-1
673513,-1,-1,-1,-1,-1,0,-1,2,-1,-1,-1,-1,0,0,-1
673540,-1,-1,-1,-1,1,1,2,-1,-1,-1,-1,-1,-1,-1,-1
673929,-1,1,-1,-1,-1,1,-1,-1,-1,-1,-1,-1,1,-1,-1
674003,1,0,-1,-1,-1,0,-1,-1,-1,-1,-1,-1,0,-1,-1
674072,1,0,-1,-1,-1,0,-1,-1,-1,-1,-1,2,0,-1,-1
674285,-1,-1,-1,-1,-1,-1,-1,-1,-1,-1,-1,1,1,-1,-1
674370,0,-1,-1,-1,1,1,-1,-1,-1,-1,-1,1,1,-1,-1
674444,-1,-1,-1,-1,1,2,-1,-1,-1,-1,-1,-1,-1,-1,-1
674944,-1,-1,-1,-1,-1,-1,-1,2,-1,-1,-1,2,0,-1,-1
675540,-1,1,-1,-1,-1,1,-1,-1,-1,-1,-1,-1,1,-1,-1
675627,-1,-1,-1,-1,1,-1,-1,-1,3,-1,-1,1,1,-1,-1
675650,-1,2,-1,-1,1,1,-1,-1,-1,-1,-1,-1,-1,-1,-1
675911,-1,-1,-1,-1,-1,1,-1,-1,-1,-1,-1,-1,1,-1,-1
675921,0,1,-1,-1,-1,1,-1,-1,-1,-1,-1,-1,1,-1,-1
675989,2,-1,-1,-1,1,-1,-1,-1,-1,-1,-1,1,-1,1,-1
676083,-1,-1,-1,-1,-1,1,-1,-1,-1,-1,-1,-1,1,-1,-1
676092,-1,-1,-1,-1,1,2,-1,-1,-1,-1,-1,1,-1,1,-1
676105,0,-1,-1,-1,-1,2,-1,-1,-1,-1,-1,-1,1,-1,-1
676106,0,-1,-1,-1,-1,1,-1,-1,-1,-1,-1,1,1,-1,-1
676130,2,-1,-1,-1,-1,1,-1,-1,-1,-1,-1,1,1,1,-1
676254,-1,-1,-1,-1,-1,-1,-1,-1,-1,-1,-1,1,1,-1,-1
676272,0,1,-1,-1,-1,1,-1,-1,-1,-1,-1,1,1,-1,-1
676282,1,0,-1,-1,-1,0,-1,-1,-1,-1,-1,-1,0,-1,-1
676395,1,-1,-1,-1,-1,0,-1,-1,-1,-1,-1,-1,0,-1,-1
676428,1,-1,-1,-1,-1,0,-1,-1,-1,-1,-1,2,-1,0,-1
676440,0,1,-1,-1,1,1,-1,-1,-1,-1,-1,1,1,-1,-1
676454,-1,-1,-1,-1,-1,0,-1,-1,-1,-1,-1,-1,0,-1,-1
676477,2,-1,-1,-1,1,-1,-1,-1,-1,-1,-1,1,1,1,-1
676508,-1,2,-1,-1,-1,1,-1,-1,-1,-1,-1,-1,1,-1,-1
676534,-1,2,-1,-1,1,-1,-1,-1,-1,-1,-1,1,-1,1,-1
676568,-1,-1,-1,-1,-1,1,-1,-1,-1,-1,-1,-1,-1,-1,-1
676596,1,0,-1,-1,0,-1,-1,-1,-1,-1,-1,2,-1,-1,-1
676604,-1,-1,-1,-1,-1,2,-1,-1,-1,-1,-1,-1,-1,-1,-1
676614,1,-1,-1,-1,0,0,-1,-1,-1,-1,-1,-1,-1,0,-1
676617,-1,1,-1,-1,-1,-1,-1,-1,-1,-1,-1,1,1,-1,-1
676661,-1,1,-1,-1,1,1,-1,-1,-1,-1,-1,-1,-1,-1,-1
676664,1,-1,-1,-1,-1,0,-1,-1,-1,-1,-1,2,0,0,-1
676680,-1,-1,-1,-1,-1,0,-1,-1,-1,-1,-1,2,-1,0,-1
676684,0,-1,-1,-1,-1,1,-1,-1,-1,-1,-1,1,1,-1,-1
676702,-1,-1,-1,-1,1,1,-1,-1,-1,-1,-1,-1,1,-1,-1
676710,-1,-1,-1,-1,1,1,-1,1,3,-1,-1,-1,-1,1,-1
676714,-1,-1,-1,-1,-1,0,-1,-1,-1,-1,-1,2,0,-1,-1
676755,0,-1,-1,-1,-1,1,-1,-1,-1,-1,-1,-1,-1,-1,-1
676760,2,-1,-1,-1,-1,2,-1,-1,-1,-1,-1,-1,-1,1,-1
676775,-1,-1,-1,-1,-1,1,-1,0,-1,-1,-1,1,1,-1,-1
676879,1,0,-1,-1,-1,-1,-1,-1,-1,-1,-1,2,0,-1,-1
676961,-1,-1,-1,-1,-1,2,-1,-1,-1,-1,-1,-1,-1,-1,-1
676962,-1,-1,-1,-1,-1,1,-1,-1,0,-1,-1,-1,-1,-1,-1
676969,-1,-1,-1,-1,1,-1,-1,-1,3,-1,-1,1,-1,-1,-1
676974,0,-1,-1,-1,-1,1,-1,-1,-1,-1,-1,-1,0,-1,-1
676979,1,-1,-1,-1,0,0,-1,-1,-1,-1,-1,2,-1,0,-1
677020,-1,0,-1,-1,-1,0,-1,-1,-1,-1,-1,2,-1,-1,-1
677053,-1,-1,-1,-1,-1,0,-1,-1,-1,-1,-1,-1,0,-1,-1
677076,1,-1,-1,-1,-1,-1,-1,-1,-1,-1,-1,-1,-1,-1,-1
677161,2,-1,-1,-1,1,1,-1,-1,-1,-1,-1,-1,-1,1,-1
677865,-1,-1,-1,-1,0,-1,-1,-1,-1,-1,-1,2,-1,0,-1
677944,0,1,-1,-1,-1,1,-1,-1,-1,-1,-1,-1,1,-1,-1
677955,2,-1,-1,-1,-1,-1,-1,-1,-1,-1,-1,1,-1,1,-1
677958,-1,-1,-1,-1,-1,2,-1,-1,-1,-1,-1,1,1,-1,-1
677960,1,-1,-1,-1,-1,0,-1,-1,-1,-1,-1,2,-1,0,-1
677976,2,-1,-1,-1,-1,-1,-1,-1,-1,-1,-1,1,1,-1,-1
678020,-1,-1,-1,-1,-1,1,-1,0,-1,-1,-1,1,1,-1,-1
678061,-1,0,-1,-1,-1,0,-1,2,-1,-1,-1,-1,-1,-1,-1
678226,-1,-1,-1,-1,-1,1,-1,-1,-1,-1,-1,-1,1,-1,-1
678368,0,1,-1,-1,0,1,-1,-1,-1,-1,-1,-1,-1,1,-1
678394,2,-1,-1,-1,-1,2,-1,-1,-1,-1,-1,1,1,-1,-1
678495,2,-1,-1,-1,-1,1,-1,-1,-1,-1,-1,1,1,-1,-1
678606,1,-1,-1,-1,-1,0,-1,-1,-1,-1,-1,2,0,-1,-1
678692,2,-1,-1,-1,-1,1,-1,-1,-1,-1,-1,-1,1,-1,-1
678821,-1,0,-1,-1,-1,0,-1,-1,-1,-1,-1,-1,-1,-1,-1
678906,-1,1,-1,-1,-1,-1,-1,-1,-1,-1,-1,1,1,1,-1
679156,-1,-1,-1,-1,0,-1,-1,-1,-1,-1,-1,2,0,-1,-1
679525,0,1,-1,-1,-1,1,-1,-1,-1,-1,-1,1,1,1,-1
679885,-1,-1,-1,-1,-1,1,-1,1,-1,-1,-1,1,1,-1,-1
680570,2,1,-1,-1,-1,1,-1,-1,-1,-1,-1,1,1,-1,-1
680573,0,1,-1,-1,-1,1,-1,-1,-1,-1,-1,-1,1,-1,-1
680686,-1,-1,-1,-1,1,2,-1,-1,-1,-1,-1,-1,-1,-1,-1
680694,-1,2,-1,-1,-1,1,-1,-1,-1,-1,-1,1,1,-1,-1
680704,-1,-1,-1,-1,-1,2,-1,0,-1,-1,-1,1,1,-1,-1
680723,-1,-1,-1,-1,-1,0,-1,-1,-1,-1,-1,-1,-1,0,-1
680730,-1,0,-1,-1,-1,0,-1,2,-1,-1,-1,-1,0,-1,-1
680732,-1,1,-1,-1,-1,1,-1,-1,-1,-1,-1,-1,1,-1,-1
680736,1,0,-1,-1,0,0,-1,-1,-1,-1,-1,2,0,-1,-1
680739,-1,-1,-1,-1,-1,1,-1,-1,-1,-1,-1,-1,-1,1,-1
680742,-1,-1,-1,-1,-1,1,-1,-1,-1,-1,-1,-1,-1,-1,-1
680744,-1,-1,-1,-1,1,1,-1,0,-1,-1,-1,1,1,-1,-1
680767,2,-1,-1,-1,-1,1,-1,-1,-1,-1,-1,-1,1,-1,-1
680880,2,-1,-1,-1,-1,1,-1,-1,-1,-1,-1,-1,1,-1,-1
680885,-1,1,-1,-1,1,1,-1,0,-1,-1,-1,1,1,-1,-1
680891,-1,-1,-1,-1,-1,1,-1,-1,-1,-1,-1,-1,1,-1,-1
680897,0,1,-1,-1,-1,1,-1,-1,-1,-1,-1,-1,1,-1,-1
680911,-1,-1,-1,1,-1,-1,-1,-1,-1,-1,-1,-1,-1,-1,-1
681035,-1,-1,-1,-1,-1,2,-1,0,-1,-1,-1,-1,1,1,-1
681066,1,0,-1,-1,-1,0,-1,-1,-1,-1,-1,-1,0,-1,-1
681190,0,2,-1,-1,1,1,-1,-1,-1,-1,-1,1,-1,1,-1
681217,-1,-1,-1,-1,-1,1,-1,1,-1,-1,-1,1,-1,1,-1
681293,2,1,-1,-1,1,1,-1,-1,-1,-1,-1,-1,-1,1,-1
681347,-1,-1,-1,-1,-1,1,-1,-1,-1,-1,-1,-1,-1,-1,-1
681402,2,-1,-1,-1,-1,1,-1,-1,-1,-1,-1,-1,1,-1,-1
681432,-1,-1,-1,-1,-1,0,-1,-1,-1,-1,-1,-1,-1,0,-1
681517,2,1,-1,-1,-1,1,-1,-1,-1,-1,-1,-1,1,1,-1
681676,-1,-1,-1,-1,1,1,-1,-1,-1,-1,-1,1,1,-1,-1
681799,-1,-1,-1,-1,1,-1,-1,-1,-1,-1,-1,1,-1,1,-1
681810,-1,-1,-1,-1,1,2,-1,-1,-1,-1,-1,1,1,-1,-1
681857,0,2,-1,-1,-1,1,-1,-1,-1,-1,-1,1,1,-1,-1
681867,2,-1,-1,-1,1,-1,-1,-1,-1,-1,-1,1,1,1,-1
681869,2,1,-1,-1,1,1,-1,-1,-1,-1,-1,-1,-1,1,-1
681870,-1,0,-1,-1,-1,0,-1,-1,-1,-1,-1,-1,0,-1,-1
681871,-1,-1,-1,-1,-1,1,-1,-1,-1,-1,-1,-1,-1,-1,-1
681882,-1,-1,-1,-1,-1,1,-1,-1,-1,-1,-1,1,1,-1,-1
681892,-1,-1,-1,-1,0,-1,-1,-1,-1,-1,-1,2,0,-1,-1
681911,1,-1,-1,-1,-1,0,-1,-1,-1,-1,-1,-1,0,-1,-1
681982,2,-1,-1,-1,-1,2,-1,-1,-1,-1,-1,0,1,-1,-1
682052,-1,-1,-1,-1,0,0,-1,-1,-1,-1,-1,-1,0,-1,-1
682073,-1,-1,-1,0,-1,-1,-1,-1,-1,-1,-1,-1,-1,-1,-1
682120,-1,0,-1,-1,-1,0,-1,-1,-1,-1,-1,2,0,-1,-1
682175,-1,-1,-1,-1,-1,-1,-1,-1,-1,-1,-1,2,-1,-1,-1
682227,1,-1,-1,-1,0,0,-1,-1,-1,-1,-1,-1,-1,-1,-1
682243,-1,-1,-1,-1,1,1,-1,0,0,-1,-1,1,1,1,-1
682254,-1,-1,-1,-1,-1,0,-1,-1,-1,-1,-1,-1,0,-1,-1
682610,0,-1,-1,-1,1,1,-1,-1,-1,-1,-1,1,1,-1,-1
682842,-1,-1,-1,-1,-1,-1,-1,-1,-1,-1,-1,1,1,-1,-1
682847,2,-1,-1,-1,1,2,-1,-1,-1,-1,-1,1,1,-1,-1
682989,-1,-1,-1,-1,-1,1,-1,-1,-1,-1,-1,-1,1,-1,-1
682990,0,1,-1,-1,-1,1,-1,-1,-1,-1,-1,1,1,-1,-1
683003,0,1,-1,-1,-1,1,-1,-1,-1,-1,-1,-1,1,-1,-1
683004,0,1,-1,-1,-1,1,-1,-1,-1,-1,-1,-1,1,-1,-1
683068,1,-1,-1,-1,-1,0,-1,-1,-1,-1,-1,-1,0,-1,-1
683155,0,-1,-1,-1,-1,1,-1,-1,-1,-1,-1,1,1,1,-1
683232,-1,1,-1,-1,-1,1,-1,-1,-1,-1,-1,-1,1,-1,-1
683409,0,-1,-1,-1,-1,-1,-1,-1,-1,-1,-1,1,1,-1,-1
683568,2,-1,-1,-1,-1,2,-1,-1,-1,-1,-1,-1,1,-1,-1
683618,-1,-1,-1,-1,1,1,-1,-1,-1,-1,-1,-1,-1,-1,-1
683627,0,2,-1,-1,-1,1,-1,-1,-1,-1,-1,-1,1,-1,-1
683769,0,-1,-1,-1,-1,1,-1,-1,-1,-1,-1,-1,1,-1,-1
683822,-1,-1,-1,-1,-1,-1,-1,1,-1,-1,-1,-1,-1,-1,-1
684007,1,0,-1,-1,-1,0,-1,2,-1,-1,-1,2,-1,0,-1
684320,-1,1,-1,-1,-1,1,-1,0,-1,-1,-1,1,1,-1,-1
685107,-1,-1,-1,-1,-1,0,-1,-1,-1,-1,-1,-1,0,0,-1
685116,1,-1,-1,-1,-1,0,-1,-1,-1,-1,-1,2,-1,0,-1
685126,1,-1,-1,-1,-1,0,-1,-1,-1,-1,-1,-1,0,-1,-1
685299,0,-1,-1,-1,-1,1,-1,-1,-1,-1,-1,-1,1,-1,-1
685801,-1,1,-1,-1,-1,1,-1,-1,-1,-1,-1,-1,1,-1,-1
686539,-1,-1,-1,-1,-1,2,-1,-1,-1,-1,-1,1,1,-1,-1
686563,0,-1,-1,-1,1,1,-1,-1,-1,-1,-1,1,-1,1,-1
686580,-1,2,-1,-1,1,1,-1,-1,-1,-1,-1,-1,-1,1,-1
686613,0,-1,-1,-1,1,1,-1,-1,0,-1,-1,1,1,-1,-1
686642,-1,-1,-1,-1,0,0,-1,-1,-1,-1,-1,2,0,-1,-1
686654,-1,-1,-1,-1,1,1,-1,-1,-1,-1,-1,-1,1,-1,-1
686730,2,-1,-1,-1,1,1,-1,-1,-1,-1,-1,1,-1,1,-1
686747,1,-1,-1,-1,-1,-1,-1,-1,-1,-1,-1,2,0,-1,-1
686751,-1,-1,-1,-1,-1,1,-1,-1,-1,-1,-1,-1,-1,-1,-1
686752,0,1,-1,-1,1,1,-1,-1,-1,-1,-1,-1,1,-1,-1
686790,-1,-1,-1,-1,-1,-1,-1,-1,-1,-1,-1,-1,1,-1,-1
686796,1,0,-1,-1,0,0,-1,-1,-1,-1,-1,-1,-1,0,-1
686799,0,2,-1,-1,-1,1,-1,-1,-1,-1,-1,1,-1,-1,-1
686826,0,-1,-1,-1,1,1,-1,-1,-1,-1,-1,1,1,-1,-1
686973,2,-1,-1,-1,1,1,-1,-1,0,-1,-1,1,-1,-1,-1
686993,-1,-1,-1,-1,-1,1,-1,-1,-1,-1,-1,-1,-1,-1,-1
687014,-1,-1,-1,-1,1,1,-1,-1,3,-1,-1,1,-1,-1,-1
687134,-1,1,-1,-1,1,1,-1,1,-1,-1,-1,-1,1,-1,-1
687287,-1,-1,-1,-1,-1,0,-1,-1,-1,-1,-1,-1,-1,-1,-1
687330,-1,-1,-1,-1,1,2,-1,-1,-1,-1,-1,0,-1,1,-1
687362,2,-1,-1,-1,1,2,-1,-1,-1,-1,-1,-1,-1,-1,-1
687377,0,-1,-1,-1,-1,1,-1,-1,-1,-1,-1,-1,-1,-1,-1
687396,-1,-1,-1,-1,-1,0,-1,-1,-1,-1,-1,-1,0,-1,-1
687424,-1,-1,-1,-1,-1,-1,-1,-1,-1,-1,-1,1,1,-1,-1
687589,-1,-1,-1,-1,-1,1,-1,-1,-1,-1,-1,-1,-1,-1,-1
687765,0,2,-1,-1,1,-1,-1,-1,-1,-1,-1,1,1,-1,-1
687792,1,-1,-1,-1,-1,0,-1,-1,2,-1,-1,-1,0,-1,-1
687798,2,-1,-1,-1,-1,1,-1,-1,-1,-1,-1,-1,1,1,-1
687863,-1,-1,-1,-1,-1,1,-1,-1,-1,-1,-1,-1,-1,1,-1
687911,-1,0,-1,-1,-1,0,-1,-1,-1,-1,-1,-1,0,-1,-1
687922,-1,-1,-1,-1,0,0,-1,-1,-1,-1,-1,-1,0,-1,-1
687924,2,1,-1,-1,-1,-1,-1,-1,-1,-1,-1,1,1,-1,-1
688107,1,-1,-1,-1,0,0,-1,-1,-1,-1,-1,2,-1,0,-1
688297,-1,-1,-1,-1,-1,2,-1,-1,-1,-1,-1,1,1,-1,-1
689017,0,2,-1,-1,-1,1,-1,-1,-1,-1,-1,-1,1,-1,-1
689147,-1,-1,-1,-1,-1,1,-1,-1,-1,-1,-1,1,-1,1,-1
689225,0,-1,-1,-1,-1,1,-1,-1,-1,-1,-1,1,1,-1,-1
689254,-1,-1,-1,-1,-1,0,-1,-1,-1,-1,-1,-1,-1,-1,-1
689672,0,-1,-1,-1,1,1,-1,-1,-1,-1,-1,-1,1,1,-1
689690,2,-1,-1,-1,-1,2,-1,-1,-1,-1,-1,0,-1,1,-1
689958,-1,-1,-1,-1,-1,1,-1,-1,-1,-1,-1,-1,1,-1,-1
689981,2,2,-1,-1,-1,1,-1,-1,-1,-1,-1,1,1,-1,-1
690544,-1,-1,-1,-1,0,0,-1,-1,-1,-1,-1,-1,-1,0,-1
690829,-1,-1,-1,-1,-1,1,-1,-1,-1,-1,-1,1,1,-1,-1
690916,-1,-1,-1,-1,-1,1,-1,1,-1,-1,-1,-1,1,1,-1
690925,-1,-1,-1,-1,-1,1,-1,-1,-1,-1,-1,-1,1,-1,-1
690986,1,-1,-1,-1,-1,0,-1,-1,-1,-1,-1,-1,-1,-1,1
691032,-1,-1,-1,-1,-1,-1,-1,-1,-1,-1,-1,1,-1,-1,-1
691172,-1,-1,-1,-1,-1,-1,-1,-1,-1,-1,-1,1,1,1,-1
691441,-1,2,-1,-1,-1,1,-1,-1,-1,-1,-1,-1,-1,-1,-1
691951,1,-1,-1,-1,-1,0,-1,-1,-1,-1,-1,-1,0,-1,-1
692230,2,1,-1,-1,1,2,-1,-1,-1,-1,-1,1,1,-1,-1
692285,0,-1,-1,-1,-1,1,-1,-1,-1,-1,-1,-1,1,-1,-1
693312,-1,1,-1,-1,-1,1,-1,-1,-1,-1,-1,-1,1,-1,-1
693433,2,-1,-1,-1,-1,2,-1,-1,-1,-1,-1,1,1,1,-1
693821,0,-1,-1,-1,-1,1,-1,-1,-1,-1,-1,1,0,-1,-1
694037,-1,-1,-1,-1,-1,1,-1,-1,-1,-1,-1,1,1,-1,-1
694297,2,1,-1,-1,-1,1,-1,-1,-1,-1,-1,1,-1,1,-1
694350,-1,-1,-1,-1,-1,1,-1,-1,-1,-1,-1,-1,-1,-1,-1
694357,-1,-1,-1,-1,-1,-1,-1,-1,-1,-1,-1,2,0,-1,-1
694361,-1,2,-1,-1,-1,1,-1,-1,-1,-1,-1,-1,-1,-1,-1
694363,1,-1,-1,-1,-1,0,-1,-1,-1,-1,-1,2,0,-1,-1
694381,-1,-1,-1,-1,1,-1,-1,-1,-1,-1,-1,-1,-1,-1,-1
694462,-1,-1,-1,-1,-1,1,-1,1,-1,-1,-1,-1,1,-1,-1
694646,-1,-1,-1,-1,-1,-1,-1,-1,-1,-1,-1,-1,1,-1,-1
694738,2,1,-1,-1,-1,-1,-1,-1,-1,-1,-1,1,1,-1,-1
694813,0,1,-1,-1,1,1,-1,-1,-1,-1,-1,1,1,1,-1
694973,0,1,-1,-1,-1,1,-1,-1,-1,-1,-1,1,1,1,-1
695076,2,-1,-1,-1,-1,1,-1,-1,-1,-1,-1,1,1,-1,-1
695243,-1,-1,-1,-1,-1,1,-1,-1,-1,-1,-1,-1,1,-1,-1
695549,-1,-1,-1,-1,1,1,-1,-1,-1,-1,-1,-1,-1,-1,-1
696131,-1,-1,-1,-1,-1,2,-1,-1,-1,-1,-1,1,1,1,-1
696136,1,0,-1,-1,-1,0,-1,-1,-1,-1,-1,2,0,-1,-1
700187,-1,-1,-1,-1,-1,1,-1,-1,-1,-1,-1,-1,-1,1,-1
700241,-1,-1,-1,-1,1,2,-1,-1,-1,-1,-1,1,1,-1,-1
700249,1,0,-1,-1,0,0,-1,-1,-1,-1,-1,2,-1,0,-1
700270,-1,-1,-1,-1,-1,1,-1,-1,3,-1,-1,-1,1,-1,-1
700363,2,1,-1,-1,-1,1,-1,-1,-1,-1,-1,-1,-1,-1,-1
700669,-1,-1,-1,-1,-1,1,-1,-1,-1,-1,-1,-1,1,-1,-1
701151,-1,-1,-1,-1,0,-1,-1,-1,-1,-1,-1,-1,-1,-1,-1
701542,2,-1,-1,-1,-1,1,-1,-1,-1,-1,-1,1,-1,1,-1
701581,0,-1,-1,-1,-1,1,-1,-1,-1,-1,-1,-1,1,-1,-1
701603,-1,-1,-1,-1,-1,-1,-1,-1,-1,-1,-1,1,-1,-1,-1
701643,-1,-1,-1,-1,1,-1,-1,-1,-1,-1,-1,1,-1,1,-1
702352,0,-1,-1,-1,1,2,-1,-1,-1,-1,-1,1,-1,1,-1
702674,-1,-1,-1,-1,-1,1,-1,-1,-1,-1,-1,-1,1,-1,-1
702795,-1,-1,-1,-1,-1,-1,-1,-1,-1,-1,-1,1,-1,-1,-1
800049,0,2,-1,-1,-1,1,-1,-1,-1,-1,-1,1,1,-1,-1
802363,-1,-1,-1,-1,-1,2,-1,-1,-1,-1,-1,-1,-1,-1,-1
805673,0,2,-1,-1,1,1,-1,-1,-1,-1,-1,-1,1,-1,-1
806185,0,1,-1,-1,-1,1,-1,-1,-1,-1,-1,-1,0,-1,-1
808967,-1,1,-1,-1,1,1,-1,0,-1,-1,-1,1,1,-1,-1
814005,-1,1,-1,-1,-1,1,-1,-1,-1,-1,-1,-1,1,-1,-1
