,Unnamed: 0,index,pitch_type,game_date,release_speed,release_pos_x,release_pos_z,player_name,batter,pitcher,events,description,spin_dir,spin_rate_deprecated,break_angle_deprecated,break_length_deprecated,zone,des,game_type,stand,p_throws,home_team,away_team,type,hit_location,bb_type,balls,strikes,game_year,pfx_x,pfx_z,plate_x,plate_z,on_3b,on_2b,on_1b,outs_when_up,inning,inning_topbot,hc_x,hc_y,tfs_deprecated,tfs_zulu_deprecated,umpire,sv_id,vx0,vy0,vz0,ax,ay,az,sz_top,sz_bot,hit_distance_sc,launch_speed,launch_angle,effective_speed,release_spin_rate,release_extension,game_pk,fielder_2,fielder_3,fielder_4,fielder_5,fielder_6,fielder_7,fielder_8,fielder_9,release_pos_y,estimated_ba_using_speedangle,estimated_woba_using_speedangle,woba_value,woba_denom,babip_value,iso_value,launch_speed_angle,at_bat_number,pitch_number,pitch_name,home_score,away_score,bat_score,fld_score,post_away_score,post_home_score,post_bat_score,post_fld_score,if_fielding_alignment,of_fielding_alignment,spin_axis,delta_home_win_exp,delta_run_exp,bat_speed,swing_length,estimated_slg_using_speedangle,delta_pitcher_run_exp,hyper_speed,home_score_diff,bat_score_diff,home_win_exp,bat_win_exp,age_pit_legacy,age_bat_legacy,age_pit,age_bat,n_thruorder_pitcher,n_priorpa_thisgame_player_at_bat,pitcher_days_since_prev_game,batter_days_since_prev_game,pitcher_days_until_next_game,batter_days_until_next_game,api_break_z_with_gravity,api_break_x_arm,api_break_x_batter_in,arm_angle
0,0,1669,,2024-03-16,,,,"Jackson, Gabriel",687637,682791,single,hit_into_play,,,,,,Dylan Beavers singles on a soft ground ball to pitcher Gabriel Jackson.   Jud Fabian scores.    Errol Robinson to 3rd.,S,L,R,BAL,BOS,X,1.0,ground_ball,1,0,2024,,,,,682983.0,642021.0,,2,9,Bot,118.13,186.95,,,,,,,,,,,,,,,,,,,747948,656627,694359,642197,656388,686765,681468,694812,676628,,,,0.9,,1.0,0.0,,75,2,,4,4,4,4,4,5,5,4,,,,0.37,,,,,,,0,0,0.63,0.63,22,22,23,23,1,0,,,,,,,,
1,1,1736,,2024-03-16,,,,"Jackson, Gabriel",687637,682791,,ball,,,,,,Dylan Beavers singles on a soft ground ball to pitcher Gabriel Jackson.   Jud Fabian scores.    Errol Robinson to 3rd.,S,L,R,BAL,BOS,B,,,0,0,2024,,,,,682983.0,,642021.0,2,9,Bot,,,,,,,,,,,,,,,,,,,,,747948,656627,694359,642197,656388,686765,681468,694812,676628,,,,,,,,,75,1,,4,4,4,4,4,4,4,4,,,,-0.005,,,,,,,0,0,0.635,0.635,22,22,23,23,1,0,,,,,,,,
2,2,1880,,2024-03-16,,,,"Jackson, Gabriel",642021,682791,walk,ball,,,,,,Errol Robinson walks.,S,R,R,BAL,BOS,B,,,3,0,2024,,,,,682983.0,,,2,9,Bot,,,,,,,,,,,,,,,,,,,,,747948,656627,694359,642197,656388,686765,681468,694812,676628,,,,0.7,,0.0,0.0,,74,4,,4,4,4,4,4,4,4,4,,,,0.007,,,,,,,0,0,0.628,0.628,22,29,23,30,1,1,,,,,,,,
3,3,2002,,2024-03-16,,,,"Jackson, Gabriel",642021,682791,,ball,,,,,,Errol Robinson walks.,S,R,R,BAL,BOS,B,,,2,0,2024,,,,,682983.0,,,2,9,Bot,,,,,,,,,,,,,,,,,,,,,747948,656627,694359,642197,656388,686765,681468,694812,676628,,,,,,,,,74,3,,4,4,4,4,4,4,4,4,,,,0.0,,,,,,,0,0,0.628,0.628,22,29,23,30,1,1,,,,,,,,
4,4,2156,,2024-03-16,,,,"Jackson, Gabriel",642021,682791,,ball,,,,,,Errol Robinson walks.,S,R,R,BAL,BOS,B,,,1,0,2024,,,,,682983.0,,,2,9,Bot,,,,,,,,,,,,,,,,,,,,,747948,656627,694359,642197,656388,686765,681468,694812,676628,,,,,,,,,74,2,,4,4,4,4,4,4,4,4,,,,0.0,,,,,,,0,0,0.628,0.628,22,29,23,30,1,1,,,,,,,,
5,5,2255,,2024-03-16,,,,"Jackson, Gabriel",642021,682791,,ball,,,,,,Errol Robinson walks.,S,R,R,BAL,BOS,B,,,0,0,2024,,,,,,682983.0,,2,9,Bot,,,,,,,,,,,,,,,,,,,,,747948,656627,694359,642197,656388,686765,681468,694812,676628,,,,,,,,,74,1,,4,4,4,4,4,4,4,4,,,,0.02,,,,,,,0,0,0.608,0.608,22,29,23,30,1,1,,,,,,,,
6,6,2476,,2024-03-16,,,,"Jackson, Gabriel",681393,682791,field_out,hit_into_play,,,,,,Connor Norby flies out to right fielder Mark Contreras.,S,R,R,BAL,BOS,X,9.0,fly_ball,0,0,2024,,,,,,682983.0,,1,9,Bot,171.32,100.51,,,,,,,,,,,,,,,,,,,747948,656627,694359,642197,656388,686765,681468,694812,676628,,,,0.0,,0.0,0.0,,73,1,,4,4,4,4,4,4,4,4,,,,-0.091,,,,,,,0,0,0.699,0.699,22,24,23,24,1,1,,,,,,,,
7,7,2697,,2024-03-16,,,,"Jackson, Gabriel",682983,682791,single,hit_into_play,,,,,,"Jud Fabian singles on a ground ball to left fielder Corey Rosier.   Frederick Bencosme scores.  Coby Mayo out at 3rd on the throw, left fielder Corey Rosier to third baseman Joe Dunand to shortstop Nick Sogard.   Jud Fabian to 2nd.",S,R,R,BAL,BOS,X,7.0,ground_ball,0,0,2024,,,,,,695930.0,691723.0,0,9,Bot,87.9,117.44,,,,,,,,,,,,,,,,,,,747948,656627,694359,642197,656388,686765,681468,694812,676628,,,,0.9,,1.0,0.0,,72,1,,3,4,3,4,4,4,4,4,,,,0.199,,,,,,,-1,-1,0.5,0.5,22,23,23,24,1,0,,,,,,,,
8,8,2787,,2024-03-16,,,,"Jackson, Gabriel",691723,682791,single,hit_into_play,,,,,,Coby Mayo singles on a soft fly ball to second baseman Jamie Westbrook.   Frederick Bencosme to 2nd.,S,R,R,BAL,BOS,X,4.0,fly_ball,0,0,2024,,,,,,,695930.0,0,9,Bot,165.88,139.81,,,,,,,,,,,,,,,,,,,747948,656627,694359,642197,656388,686765,681468,694812,676628,,,,0.9,,1.0,0.0,,71,1,,3,4,3,4,4,3,3,4,,,,0.172,,,,,,,-1,-1,0.328,0.328,22,22,23,23,1,3,,,,,,,,
9,9,2986,,2024-03-16,,,,"Jackson, Gabriel",663527,682791,walk,ball,,,,,,Tyler Nevin walks.,S,R,R,BAL,BOS,B,,,3,0,2024,,,,,,,,0,9,Bot,,,,,,,,,,,,,,,,,,,,,747948,656627,694359,642197,656388,686765,681468,694812,676628,,,,0.7,,0.0,0.0,,70,4,,3,4,3,4,4,3,3,4,,,,0.134,,,,,,,-1,-1,0.194,0.194,22,27,23,27,1,3,,,,,,,,
10,10,3269,,2024-03-16,,,,"Jackson, Gabriel",663527,682791,,ball,,,,,,Tyler Nevin walks.,S,R,R,BAL,BOS,B,,,2,0,2024,,,,,,,,0,9,Bot,,,,,,,,,,,,,,,,,,,,,747948,656627,694359,642197,656388,686765,681468,694812,676628,,,,,,,,,70,3,,3,4,3,4,4,3,3,4,,,,0.0,,,,,,,-1,-1,0.194,0.194,22,27,23,27,1,3,,,,,,,,
11,11,3350,,2024-03-16,,,,"Jackson, Gabriel",663527,682791,,ball,,,,,,Tyler Nevin walks.,S,R,R,BAL,BOS,B,,,1,0,2024,,,,,,,,0,9,Bot,,,,,,,,,,,,,,,,,,,,,747948,656627,694359,642197,656388,686765,681468,694812,676628,,,,,,,,,70,2,,3,4,3,4,4,3,3,4,,,,0.0,,,,,,,-1,-1,0.194,0.194,22,27,23,27,1,3,,,,,,,,
12,12,3501,,2024-03-16,,,,"Jackson, Gabriel",663527,682791,,ball,,,,,,Tyler Nevin walks.,S,R,R,BAL,BOS,B,,,0,0,2024,,,,,,,,0,9,Bot,,,,,,,,,,,,,,,,,,,,,747948,656627,694359,642197,656388,686765,681468,694812,676628,,,,,,,,,70,1,,3,4,3,4,4,3,3,4,,,,0.0,,,,,,,-1,-1,0.194,0.194,22,27,23,27,1,3,,,,,,,,
13,13,1715,,2024-03-16,,,,"Krook, Matt",656627,640454,strikeout,swinging_strike,,,,,,Mark Kolozsvary strikes out swinging.,S,R,L,BAL,BOS,S,2.0,,0,2,2024,,,,,,,694359.0,2,9,Top,,,,,,,,,,,,,,,,,,,,,747948,668974,663527,681393,665155,642021,682983,669288,687637,,,,0.0,,0.0,0.0,,69,3,,3,4,4,3,4,3,4,3,,,,0.017,,,,,,,-1,1,0.177,0.823,29,28,30,29,1,1,,,,,,,,
14,14,1785,,2024-03-16,,,,"Krook, Matt",656627,640454,,swinging_strike,,,,,,Mark Kolozsvary strikes out swinging.,S,R,L,BAL,BOS,S,,,0,1,2024,,,,,,,694359.0,2,9,Top,,,,,,,,,,,,,,,,,,,,,747948,668974,663527,681393,665155,642021,682983,669288,687637,,,,,,,,,69,2,,3,4,4,3,4,3,4,3,,,,0.0,,,,,,,-1,1,0.177,0.823,29,28,30,29,1,1,,,,,,,,
15,15,1866,,2024-03-16,,,,"Krook, Matt",656627,640454,,swinging_strike,,,,,,Mark Kolozsvary strikes out swinging.,S,R,L,BAL,BOS,S,,,0,0,2024,,,,,,,694359.0,2,9,Top,,,,,,,,,,,,,,,,,,,,,747948,668974,663527,681393,665155,642021,682983,669288,687637,,,,,,,,,69,1,,3,4,4,3,4,3,4,3,,,,0.0,,,,,,,-1,1,0.177,0.823,29,28,30,29,1,1,,,,,,,,
16,16,2023,,2024-03-16,,,,"Krook, Matt",694359,640454,walk,ball,,,,,,Niko Kavadas walks.,S,L,L,BAL,BOS,B,,,3,0,2024,,,,,,,,2,9,Top,,,,,,,,,,,,,,,,,,,,,747948,668974,663527,681393,665155,642021,682983,669288,687637,,,,0.7,,0.0,0.0,,68,4,,3,4,4,3,4,3,4,3,,,,-0.009,,,,,,,-1,1,0.186,0.814,29,25,30,26,1,0,,,,,,,,
17,17,2188,,2024-03-16,,,,"Krook, Matt",694359,640454,,ball,,,,,,Niko Kavadas walks.,S,L,L,BAL,BOS,B,,,2,0,2024,,,,,,,,2,9,Top,,,,,,,,,,,,,,,,,,,,,747948,668974,663527,681393,665155,642021,682983,669288,687637,,,,,,,,,68,3,,3,4,4,3,4,3,4,3,,,,0.0,,,,,,,-1,1,0.186,0.814,29,25,30,26,1,0,,,,,,,,
18,18,2312,,2024-03-16,,,,"Krook, Matt",694359,640454,,ball,,,,,,Niko Kavadas walks.,S,L,L,BAL,BOS,B,,,1,0,2024,,,,,,,,2,9,Top,,,,,,,,,,,,,,,,,,,,,747948,668974,663527,681393,665155,642021,682983,669288,687637,,,,,,,,,68,2,,3,4,4,3,4,3,4,3,,,,0.0,,,,,,,-1,1,0.186,0.814,29,25,30,26,1,0,,,,,,,,
19,19,2505,,2024-03-16,,,,"Krook, Matt",694359,640454,,ball,,,,,,Niko Kavadas walks.,S,L,L,BAL,BOS,B,,,0,0,2024,,,,,,,,2,9,Top,,,,,,,,,,,,,,,,,,,,,747948,668974,663527,681393,665155,642021,682983,669288,687637,,,,,,,,,68,1,,3,4,4,3,4,3,4,3,,,,0.0,,,,,,,-1,1,0.186,0.814,29,25,30,26,1,0,,,,,,,,
20,20,2650,,2024-03-16,,,,"Krook, Matt",681468,640454,strikeout,called_strike,,,,,,Corey Rosier called out on strikes.,S,L,L,BAL,BOS,S,2.0,,0,2,2024,,,,,,,,1,9,Top,,,,,,,,,,,,,,,,,,,,,747948,668974,663527,681393,665155,642021,682983,669288,687637,,,,0.0,,0.0,0.0,,67,3,,3,4,4,3,4,3,4,3,,,,0.012,,,,,,,-1,1,0.174,0.826,29,24,30,25,1,0,,,,,,,,
21,21,2849,,2024-03-16,,,,"Krook, Matt",681468,640454,,called_strike,,,,,,Corey Rosier called out on strikes.,S,L,L,BAL,BOS,S,,,0,1,2024,,,,,,,,1,9,Top,,,,,,,,,,,,,,,,,,,,,747948,668974,663527,681393,665155,642021,682983,669288,687637,,,,,,,,,67,2,,3,4,4,3,4,3,4,3,,,,0.0,,,,,,,-1,1,0.174,0.826,29,24,30,25,1,0,,,,,,,,
22,22,3068,,2024-03-16,,,,"Krook, Matt",681468,640454,,called_strike,,,,,,Corey Rosier called out on strikes.,S,L,L,BAL,BOS,S,,,0,0,2024,,,,,,,,1,9,Top,,,,,,,,,,,,,,,,,,,,,747948,668974,663527,681393,665155,642021,682983,669288,687637,,,,,,,,,67,1,,3,4,4,3,4,3,4,3,,,,0.0,,,,,,,-1,1,0.174,0.826,29,24,30,25,1,0,,,,,,,,
23,23,3144,,2024-03-16,,,,"Krook, Matt",694812,640454,strikeout,called_strike,,,,,,Tyler McDonough called out on strikes.,S,R,L,BAL,BOS,S,2.0,,0,2,2024,,,,,,,,0,9,Top,,,,,,,,,,,,,,,,,,,,,747948,668974,663527,681393,665155,642021,682983,669288,687637,,,,0.0,,0.0,0.0,,66,3,,3,4,4,3,4,3,4,3,,,,0.016,,,,,,,-1,1,0.158,0.842,29,25,30,25,1,0,,,,,,,,
24,24,3336,,2024-03-16,,,,"Krook, Matt",694812,640454,,called_strike,,,,,,Tyler McDonough called out on strikes.,S,R,L,BAL,BOS,S,,,0,1,2024,,,,,,,,0,9,Top,,,,,,,,,,,,,,,,,,,,,747948,668974,663527,681393,665155,642021,682983,669288,687637,,,,,,,,,66,2,,3,4,4,3,4,3,4,3,,,,0.0,,,,,,,-1,1,0.158,0.842,29,25,30,25,1,0,,,,,,,,
25,25,3493,,2024-03-16,,,,"Krook, Matt",694812,640454,,called_strike,,,,,,Tyler McDonough called out on strikes.,S,R,L,BAL,BOS,S,,,0,0,2024,,,,,,,,0,9,Top,,,,,,,,,,,,,,,,,,,,,747948,668974,663527,681393,665155,642021,682983,669288,687637,,,,,,,,,66,1,,3,4,4,3,4,3,4,3,,,,0.0,,,,,,,-1,1,0.158,0.842,29,25,30,25,1,0,,,,,,,,
26,26,2412,,2024-03-16,,,,"Booser, Cam",668974,592155,strikeout,swinging_strike,,,,,,Maverick Handley strikes out swinging.,S,R,L,BAL,BOS,S,2.0,,0,2,2024,,,,,,,,2,8,Bot,,,,,,,,,,,,,,,,,,,,,747948,656627,694359,642197,656388,686765,681468,694812,676628,,,,0.0,,0.0,0.0,,65,3,,3,4,3,4,4,3,3,4,,,,-0.031,,,,,,,-1,-1,0.189,0.189,32,26,32,26,1,0,,,,,,,,
27,27,2615,,2024-03-16,,,,"Booser, Cam",668974,592155,,swinging_strike,,,,,,Maverick Handley strikes out swinging.,S,R,L,BAL,BOS,S,,,0,1,2024,,,,,,,,2,8,Bot,,,,,,,,,,,,,,,,,,,,,747948,656627,694359,642197,656388,686765,681468,694812,676628,,,,,,,,,65,2,,3,4,3,4,4,3,3,4,,,,0.0,,,,,,,-1,-1,0.189,0.189,32,26,32,26,1,0,,,,,,,,
28,28,2864,,2024-03-16,,,,"Booser, Cam",668974,592155,,swinging_strike,,,,,,Maverick Handley strikes out swinging.,S,R,L,BAL,BOS,S,,,0,0,2024,,,,,,,,2,8,Bot,,,,,,,,,,,,,,,,,,,,,747948,656627,694359,642197,656388,686765,681468,694812,676628,,,,,,,,,65,1,,3,4,3,4,4,3,3,4,,,,0.0,,,,,,,-1,-1,0.189,0.189,32,26,32,26,1,0,,,,,,,,
29,29,2927,,2024-03-16,,,,"Booser, Cam",669288,592155,strikeout,swinging_strike,,,,,,Daniel Johnson strikes out swinging.,S,L,L,BAL,BOS,S,2.0,,0,2,2024,,,,,,,,1,8,Bot,,,,,,,,,,,,,,,,,,,,,747948,656627,694359,642197,656388,686765,681468,694812,676628,,,,0.0,,0.0,0.0,,64,3,,3,4,3,4,4,3,3,4,,,,-0.046,,,,,,,-1,-1,0.235,0.235,32,28,32,29,1,0,,,,,,,,
30,30,3222,,2024-03-16,,,,"Booser, Cam",669288,592155,,swinging_strike,,,,,,Daniel Johnson strikes out swinging.,S,L,L,BAL,BOS,S,,,0,1,2024,,,,,,,,1,8,Bot,,,,,,,,,,,,,,,,,,,,,747948,656627,694359,642197,656388,686765,681468,694812,676628,,,,,,,,,64,2,,3,4,3,4,4,3,3,4,,,,0.0,,,,,,,-1,-1,0.235,0.235,32,28,32,29,1,0,,,,,,,,
31,31,3300,,2024-03-16,,,,"Booser, Cam",669288,592155,,swinging_strike,,,,,,Daniel Johnson strikes out swinging.,S,L,L,BAL,BOS,S,,,0,0,2024,,,,,,,,1,8,Bot,,,,,,,,,,,,,,,,,,,,,747948,656627,694359,642197,656388,686765,681468,694812,676628,,,,,,,,,64,1,,3,4,3,4,4,3,3,4,,,,0.0,,,,,,,-1,-1,0.235,0.235,32,28,32,29,1,0,,,,,,,,
32,32,3531,,2024-03-16,,,,"Booser, Cam",665155,592155,field_out,hit_into_play,,,,,,Nick Maton pops out to shortstop Nick Sogard.,S,L,L,BAL,BOS,X,6.0,popup,0,0,2024,,,,,,,,0,8,Bot,132.63,130.13,,,,,,,,,,,,,,,,,,,747948,656627,694359,642197,656388,686765,681468,694812,676628,,,,0.0,,0.0,0.0,,63,1,,3,4,3,4,4,3,3,4,,,,-0.062,,,,,,,-1,-1,0.297,0.297,32,27,32,27,1,0,,,,,,,,
33,33,2340,,2024-03-16,,,,"Ort, Kaleb",686765,672391,strikeout,swinging_strike,,,,,,Nick Sogard strikes out swinging.,S,L,R,BAL,BOS,S,2.0,,0,2,2024,,,,,,642197.0,679663.0,2,8,Top,,,,,,,,,,,,,,,,,,,,,747948,668974,663527,681393,665155,642021,682983,669288,687637,,,,0.0,,0.0,0.0,,62,3,,3,4,4,3,4,3,4,3,,,,0.043,,,,,,,-1,1,0.254,0.746,32,26,32,27,1,0,,,,,,,,
34,34,2429,,2024-03-16,,,,"Ort, Kaleb",686765,672391,,swinging_strike,,,,,,Nick Sogard strikes out swinging.,S,L,R,BAL,BOS,S,,,0,1,2024,,,,,,642197.0,679663.0,2,8,Top,,,,,,,,,,,,,,,,,,,,,747948,668974,663527,681393,665155,642021,682983,669288,687637,,,,,,,,,62,2,,3,4,4,3,4,3,4,3,,,,0.0,,,,,,,-1,1,0.254,0.746,32,26,32,27,1,0,,,,,,,,
35,35,2728,,2024-03-16,,,,"Ort, Kaleb",686765,672391,,swinging_strike,,,,,,Nick Sogard strikes out swinging.,S,L,R,BAL,BOS,S,,,0,0,2024,,,,,,642197.0,679663.0,2,8,Top,,,,,,,,,,,,,,,,,,,,,747948,668974,663527,681393,665155,642021,682983,669288,687637,,,,,,,,,62,1,,3,4,4,3,4,3,4,3,,,,0.0,,,,,,,-1,1,0.254,0.746,32,26,32,27,1,0,,,,,,,,
36,36,2769,,2024-03-16,,,,"Ort, Kaleb",679663,672391,walk,ball,,,,,,Stephen Scott walks.   Jamie Westbrook to 2nd.,S,L,R,BAL,BOS,B,,,3,0,2024,,,,,,,642197.0,2,8,Top,,,,,,,,,,,,,,,,,,,,,747948,668974,663527,681393,665155,642021,682983,669288,687637,,,,0.7,,0.0,0.0,,61,4,,3,4,4,3,4,3,4,3,,,,-0.019,,,,,,,-1,1,0.273,0.727,32,27,32,27,1,0,,,,,,,,
37,37,3080,,2024-03-16,,,,"Ort, Kaleb",679663,672391,,ball,,,,,,Stephen Scott walks.   Jamie Westbrook to 2nd.,S,L,R,BAL,BOS,B,,,2,0,2024,,,,,,,642197.0,2,8,Top,,,,,,,,,,,,,,,,,,,,,747948,668974,663527,681393,665155,642021,682983,669288,687637,,,,,,,,,61,3,,3,4,4,3,4,3,4,3,,,,0.0,,,,,,,-1,1,0.273,0.727,32,27,32,27,1,0,,,,,,,,
38,38,3167,,2024-03-16,,,,"Ort, Kaleb",679663,672391,,ball,,,,,,Stephen Scott walks.   Jamie Westbrook to 2nd.,S,L,R,BAL,BOS,B,,,1,0,2024,,,,,,,642197.0,2,8,Top,,,,,,,,,,,,,,,,,,,,,747948,668974,663527,681393,665155,642021,682983,669288,687637,,,,,,,,,61,2,,3,4,4,3,4,3,4,3,,,,0.0,,,,,,,-1,1,0.273,0.727,32,27,32,27,1,0,,,,,,,,
39,39,3323,,2024-03-16,,,,"Ort, Kaleb",679663,672391,,ball,,,,,,Stephen Scott walks.   Jamie Westbrook to 2nd.,S,L,R,BAL,BOS,B,,,0,0,2024,,,,,,,642197.0,2,8,Top,,,,,,,,,,,,,,,,,,,,,747948,668974,663527,681393,665155,642021,682983,669288,687637,,,,,,,,,61,1,,3,4,4,3,4,3,4,3,,,,0.0,,,,,,,-1,1,0.273,0.727,32,27,32,27,1,0,,,,,,,,
40,40,3577,,2024-03-16,,,,"Ort, Kaleb",676628,672391,field_out,hit_into_play,,,,,,Mark Contreras flies out to center fielder Daniel Johnson.,S,L,R,BAL,BOS,X,8.0,fly_ball,0,0,2024,,,,,,,642197.0,1,8,Top,88.51,56.39,,,,,,,,,,,,,,,,,,,747948,668974,663527,681393,665155,642021,682983,669288,687637,,,,0.0,,0.0,0.0,,60,1,,3,4,4,3,4,3,4,3,,,,0.028,,,,,,,-1,1,0.245,0.755,32,29,32,29,1,0,,,,,,,,
41,41,1580,,2024-03-16,,,,"Webb, Jacob",642197,657097,walk,ball,,,,,,Jamie Westbrook walks.,S,R,R,BAL,BOS,B,,,3,0,2024,,,,,,,,1,8,Top,,,,,,,,,,,,,,,,,,,,,747948,668974,663527,681393,665155,642021,682983,669288,687637,,,,0.7,,0.0,0.0,,59,4,,3,4,4,3,4,3,4,3,,,,-0.024,,,,,,,-1,1,0.269,0.731,30,29,31,29,1,1,,,,,,,,
42,42,1636,,2024-03-16,,,,"Webb, Jacob",642197,657097,,ball,,,,,,Jamie Westbrook walks.,S,R,R,BAL,BOS,B,,,2,0,2024,,,,,,,,1,8,Top,,,,,,,,,,,,,,,,,,,,,747948,668974,663527,681393,665155,642021,682983,669288,687637,,,,,,,,,59,3,,3,4,4,3,4,3,4,3,,,,0.0,,,,,,,-1,1,0.269,0.731,30,29,31,29,1,1,,,,,,,,
43,43,1837,,2024-03-16,,,,"Webb, Jacob",642197,657097,,ball,,,,,,Jamie Westbrook walks.,S,R,R,BAL,BOS,B,,,1,0,2024,,,,,,,,1,8,Top,,,,,,,,,,,,,,,,,,,,,747948,668974,663527,681393,665155,642021,682983,669288,687637,,,,,,,,,59,2,,3,4,4,3,4,3,4,3,,,,0.0,,,,,,,-1,1,0.269,0.731,30,29,31,29,1,1,,,,,,,,
44,44,1930,,2024-03-16,,,,"Webb, Jacob",642197,657097,,ball,,,,,,Jamie Westbrook walks.,S,R,R,BAL,BOS,B,,,0,0,2024,,,,,,,,1,8,Top,,,,,,,,,,,,,,,,,,,,,747948,668974,663527,681393,665155,642021,682983,669288,687637,,,,,,,,,59,1,,3,4,4,3,4,3,4,3,,,,0.0,,,,,,,-1,1,0.269,0.731,30,29,31,29,1,1,,,,,,,,
45,45,2033,,2024-03-16,,,,"Webb, Jacob",656388,657097,field_out,hit_into_play,,,,,,Joe Dunand flies out to right fielder Dylan Beavers.,S,R,R,BAL,BOS,X,9.0,fly_ball,0,0,2024,,,,,,,,0,8,Top,171.92,108.37,,,,,,,,,,,,,,,,,,,747948,668974,663527,681393,665155,642021,682983,669288,687637,,,,0.0,,0.0,0.0,,58,1,,3,4,4,3,4,3,4,3,,,,0.022,,,,,,,-1,1,0.247,0.753,30,28,31,29,1,0,,,,,,,,
46,46,2143,,2024-03-16,,,,"Hagenman, Justin",623993,663795,grounded_into_double_play,hit_into_play,,,,,,"Anthony Santander grounds into a double play, shortstop Nick Sogard to first baseman Niko Kavadas.   Connor Norby out at 2nd.    Anthony Santander out at 1st.",S,L,R,BAL,BOS,X,6.0,ground_ball,0,0,2024,,,,,,,681393.0,1,7,Bot,124.17,148.27,,,,,,,,,,,,,,,,,,,747948,656627,694359,642197,656388,686765,681468,694812,676628,,,,0.0,,0.0,0.0,,57,1,,3,4,3,4,4,3,3,4,,,,-0.113,,,,,,,-1,-1,0.36,0.36,27,29,28,30,1,3,,,,,,,,
47,47,2373,,2024-03-16,,,,"Hagenman, Justin",642021,663795,field_out,hit_into_play,,,,,,Errol Robinson flies out to center fielder Tyler McDonough.,S,R,R,BAL,BOS,X,8.0,fly_ball,0,0,2024,,,,,,,681393.0,0,7,Bot,126.59,46.72,,,,,,,,,,,,,,,,,,,747948,656627,694359,642197,656388,686765,681468,694812,676628,,,,0.0,,0.0,0.0,,56,1,,3,4,3,4,4,3,3,4,,,,-0.071,,,,,,,-1,-1,0.431,0.431,27,29,28,30,1,0,,,,,,,,
48,48,2516,,2024-03-16,,,,"Hagenman, Justin",681393,663795,field_error,hit_into_play,,,,,,Connor Norby reaches on a fielding error by shortstop Nick Sogard.,S,R,R,BAL,BOS,X,6.0,ground_ball,0,0,2024,,,,,,,,0,7,Bot,106.64,155.52,,,,,,,,,,,,,,,,,,,747948,656627,694359,642197,656388,686765,681468,694812,676628,,,,0.9,,0.0,0.0,,55,1,,3,4,3,4,4,3,3,4,,,,0.077,,,,,,,-1,-1,0.354,0.354,27,24,28,24,1,0,,,,,,,,
49,49,2247,,2024-03-16,,,,"Webb, Jacob",656627,657097,strikeout,swinging_strike,,,,,,Mark Kolozsvary strikes out swinging.,S,R,R,BAL,BOS,S,2.0,,1,2,2024,,,,,,,,2,7,Top,,,,,,,,,,,,,,,,,,,,,747948,668974,623993,681393,665155,642021,663527,669288,682983,,,,0.0,,0.0,0.0,,54,4,,3,4,4,3,4,3,4,3,,,,0.012,,,,,,,-1,1,0.342,0.658,30,28,31,29,1,0,,,,,,,,
50,50,2352,,2024-03-16,,,,"Webb, Jacob",656627,657097,,swinging_strike,,,,,,Mark Kolozsvary strikes out swinging.,S,R,R,BAL,BOS,S,,,1,1,2024,,,,,,,,2,7,Top,,,,,,,,,,,,,,,,,,,,,747948,668974,623993,681393,665155,642021,663527,669288,682983,,,,,,,,,54,3,,3,4,4,3,4,3,4,3,,,,0.0,,,,,,,-1,1,0.342,0.658,30,28,31,29,1,0,,,,,,,,
51,51,2550,,2024-03-16,,,,"Webb, Jacob",656627,657097,,swinging_strike,,,,,,Mark Kolozsvary strikes out swinging.,S,R,R,BAL,BOS,S,,,1,0,2024,,,,,,,,2,7,Top,,,,,,,,,,,,,,,,,,,,,747948,668974,623993,681393,665155,642021,663527,669288,682983,,,,,,,,,54,2,,3,4,4,3,4,3,4,3,,,,0.0,,,,,,,-1,1,0.342,0.658,30,28,31,29,1,0,,,,,,,,
52,52,2612,,2024-03-16,,,,"Webb, Jacob",656627,657097,,ball,,,,,,Mark Kolozsvary strikes out swinging.,S,R,R,BAL,BOS,B,,,0,0,2024,,,,,,,657193.0,1,7,Top,,,,,,,,,,,,,,,,,,,,,747948,668974,623993,681393,665155,642021,663527,669288,682983,,,,,,,,,54,1,,3,4,4,3,4,3,4,3,,,,0.044,,,,,,,-1,1,0.298,0.702,30,28,31,29,1,0,,,,,,,,
53,53,2738,,2024-03-16,,,,"Webb, Jacob",657193,657097,walk,ball,,,,,,Eddy Alvarez walks.,S,L,R,BAL,BOS,B,,,3,0,2024,,,,,,,,1,7,Top,,,,,,,,,,,,,,,,,,,,,747948,668974,623993,681393,665155,642021,663527,669288,682983,,,,0.7,,0.0,0.0,,53,4,,3,4,4,3,4,3,4,3,,,,-0.026,,,,,,,-1,1,0.324,0.676,30,34,31,34,1,2,,,,,,,,
54,54,2987,,2024-03-16,,,,"Webb, Jacob",657193,657097,,ball,,,,,,Eddy Alvarez walks.,S,L,R,BAL,BOS,B,,,2,0,2024,,,,,,,,1,7,Top,,,,,,,,,,,,,,,,,,,,,747948,668974,623993,681393,665155,642021,663527,669288,682983,,,,,,,,,53,3,,3,4,4,3,4,3,4,3,,,,0.0,,,,,,,-1,1,0.324,0.676,30,34,31,34,1,2,,,,,,,,
55,55,3271,,2024-03-16,,,,"Webb, Jacob",657193,657097,,ball,,,,,,Eddy Alvarez walks.,S,L,R,BAL,BOS,B,,,1,0,2024,,,,,,,,1,7,Top,,,,,,,,,,,,,,,,,,,,,747948,668974,623993,681393,665155,642021,663527,669288,682983,,,,,,,,,53,2,,3,4,4,3,4,3,4,3,,,,0.0,,,,,,,-1,1,0.324,0.676,30,34,31,34,1,2,,,,,,,,
56,56,3377,,2024-03-16,,,,"Webb, Jacob",657193,657097,,ball,,,,,,Eddy Alvarez walks.,S,L,R,BAL,BOS,B,,,0,0,2024,,,,,,,,1,7,Top,,,,,,,,,,,,,,,,,,,,,747948,668974,623993,681393,665155,642021,663527,669288,682983,,,,,,,,,53,1,,3,4,4,3,4,3,4,3,,,,0.0,,,,,,,-1,1,0.324,0.676,30,34,31,34,1,2,,,,,,,,
57,57,3626,,2024-03-16,,,,"Webb, Jacob",663853,657097,field_out,hit_into_play,,,,,,"Romy Gonzalez grounds out, shortstop Errol Robinson to first baseman Anthony Santander.",S,R,R,BAL,BOS,X,6.0,ground_ball,0,0,2024,,,,,,,,0,7,Top,106.04,157.94,,,,,,,,,,,,,,,,,,,747948,668974,623993,681393,665155,642021,663527,669288,682983,,,,0.0,,0.0,0.0,,52,1,,3,4,4,3,4,3,4,3,,,,0.024,,,,,,,-1,1,0.3,0.7,30,27,31,28,1,2,,,,,,,,
58,58,2639,,2024-03-16,,,,"Hagenman, Justin",656775,663795,field_out,hit_into_play,,,,,,"Cedric Mullins grounds out, first baseman Joe Dunand to pitcher Justin Hagenman.",S,L,R,BAL,BOS,X,3.0,ground_ball,0,0,2024,,,,,,691723.0,,2,6,Bot,155.0,166.4,,,,,,,,,,,,,,,,,,,747948,656627,656388,642197,663853,657193,622569,677800,666915,,,,0.0,,0.0,0.0,,51,1,,3,4,3,4,4,3,3,4,,,,-0.061,,,,,,,-1,-1,0.361,0.361,27,29,28,30,1,3,,,,,,,,
59,59,2866,,2024-03-16,,,,"Hagenman, Justin",691723,663795,double,hit_into_play,,,,,,Coby Mayo doubles (6) on a soft fly ball to second baseman Jamie Westbrook.,S,R,R,BAL,BOS,X,4.0,fly_ball,0,0,2024,,,,,,,,2,6,Bot,164.07,142.22,,,,,,,,,,,,,,,,,,,747948,656627,656388,642197,663853,657193,622569,677800,666915,,,,1.25,,1.0,1.0,,50,1,,3,4,3,4,4,3,3,4,,,,0.042,,,,,,,-1,-1,0.319,0.319,27,22,28,23,1,2,,,,,,,,
60,60,2958,,2024-03-16,,,,"Hagenman, Justin",663527,663795,field_out,hit_into_play,,,,,,Tyler Nevin flies out to center fielder Wilyer Abreu.,S,R,R,BAL,BOS,X,8.0,fly_ball,0,0,2024,,,,,,,,1,6,Bot,126.59,46.11,,,,,,,,,,,,,,,,,,,747948,656627,656388,642197,663853,657193,622569,677800,666915,,,,0.0,,0.0,0.0,,49,1,,3,4,3,4,4,3,3,4,,,,-0.028,,,,,,,-1,-1,0.347,0.347,27,27,28,27,1,2,,,,,,,,
61,61,3161,,2024-03-16,,,,"Hagenman, Justin",669065,663795,strikeout,swinging_strike,,,,,,Kyle Stowers strikes out swinging.,S,L,R,BAL,BOS,S,2.0,,0,2,2024,,,,,,,,0,6,Bot,,,,,,,,,,,,,,,,,,,,,747948,656627,656388,642197,663853,657193,622569,677800,666915,,,,0.0,,0.0,0.0,,48,3,,3,4,3,4,4,3,3,4,,,,-0.04,,,,,,,-1,-1,0.387,0.387,27,26,28,26,1,2,,,,,,,,
62,62,3306,,2024-03-16,,,,"Hagenman, Justin",669065,663795,,swinging_strike,,,,,,Kyle Stowers strikes out swinging.,S,L,R,BAL,BOS,S,,,0,1,2024,,,,,,,,0,6,Bot,,,,,,,,,,,,,,,,,,,,,747948,656627,656388,642197,663853,657193,622569,677800,666915,,,,,,,,,48,2,,3,4,3,4,4,3,3,4,,,,0.0,,,,,,,-1,-1,0.387,0.387,27,26,28,26,1,2,,,,,,,,
63,63,3630,,2024-03-16,,,,"Hagenman, Justin",669065,663795,,swinging_strike,,,,,,Kyle Stowers strikes out swinging.,S,L,R,BAL,BOS,S,,,0,0,2024,,,,,,,,0,6,Bot,,,,,,,,,,,,,,,,,,,,,747948,656627,656388,642197,663853,657193,622569,677800,666915,,,,,,,,,48,1,,3,4,3,4,4,3,3,4,,,,0.0,,,,,,,-1,-1,0.387,0.387,27,26,28,26,1,2,,,,,,,,
64,64,1822,,2024-03-16,,,,"Kimbrel, Craig",677800,518886,strikeout,called_strike,,,,,,Wilyer Abreu called out on strikes.,S,L,R,BAL,BOS,S,2.0,,0,2,2024,,,,,622569.0,,,2,6,Top,,,,,,,,,,,,,,,,,,,,,747948,668939,623993,622761,602104,683002,663527,656775,669065,,,,0.0,,0.0,0.0,,47,3,,3,4,4,3,4,3,4,3,,,,0.044,,,,,,,-1,1,0.343,0.657,36,25,36,25,1,2,,,,,,,,
65,65,1945,,2024-03-16,,,,"Kimbrel, Craig",677800,518886,,called_strike,,,,,,Wilyer Abreu called out on strikes.,S,L,R,BAL,BOS,S,,,0,1,2024,,,,,622569.0,,,2,6,Top,,,,,,,,,,,,,,,,,,,,,747948,668939,623993,622761,602104,683002,663527,656775,669065,,,,,,,,,47,2,,3,4,4,3,4,3,4,3,,,,0.0,,,,,,,-1,1,0.343,0.657,36,25,36,25,1,2,,,,,,,,
66,66,2045,,2024-03-16,,,,"Kimbrel, Craig",677800,518886,,called_strike,,,,,,Wilyer Abreu called out on strikes.,S,L,R,BAL,BOS,S,,,0,0,2024,,,,,622569.0,,,2,6,Top,,,,,,,,,,,,,,,,,,,,,747948,668939,623993,622761,602104,683002,663527,656775,669065,,,,,,,,,47,1,,3,4,4,3,4,3,4,3,,,,0.0,,,,,,,-1,1,0.343,0.657,36,25,36,25,1,2,,,,,,,,
67,67,2227,,2024-03-16,,,,"Kimbrel, Craig",666915,518886,strikeout,swinging_strike,,,,,,Bobby Dalbec strikes out swinging.,S,R,R,BAL,BOS,S,2.0,,0,2,2024,,,,,622569.0,,,1,6,Top,,,,,,,,,,,,,,,,,,,,,747948,668939,623993,622761,602104,683002,663527,656775,669065,,,,0.0,,0.0,0.0,,46,3,,3,4,4,3,4,3,4,3,,,,0.071,,,,,,,-1,1,0.272,0.728,36,29,36,29,1,2,,,,,,,,
68,68,2387,,2024-03-16,,,,"Kimbrel, Craig",666915,518886,,swinging_strike,,,,,,Bobby Dalbec strikes out swinging.,S,R,R,BAL,BOS,S,,,0,1,2024,,,,,622569.0,,,1,6,Top,,,,,,,,,,,,,,,,,,,,,747948,668939,623993,622761,602104,683002,663527,656775,669065,,,,,,,,,46,2,,3,4,4,3,4,3,4,3,,,,0.0,,,,,,,-1,1,0.272,0.728,36,29,36,29,1,2,,,,,,,,
69,69,2470,,2024-03-16,,,,"Kimbrel, Craig",666915,518886,,swinging_strike,,,,,,Bobby Dalbec strikes out swinging.,S,R,R,BAL,BOS,S,,,0,0,2024,,,,,622569.0,,,1,6,Top,,,,,,,,,,,,,,,,,,,,,747948,668939,623993,622761,602104,683002,663527,656775,669065,,,,,,,,,46,1,,3,4,4,3,4,3,4,3,,,,0.0,,,,,,,-1,1,0.272,0.728,36,29,36,29,1,2,,,,,,,,
70,70,2676,,2024-03-16,,,,"Kimbrel, Craig",671213,518886,field_out,hit_into_play,,,,,,"Triston Casas grounds out, second baseman Jorge Mateo to first baseman Anthony Santander.   Pablo Reyes to 3rd.",S,L,R,BAL,BOS,X,4.0,ground_ball,0,1,2024,,,,,,622569.0,,0,6,Top,151.98,162.78,,,,,,,,,,,,,,,,,,,747948,668939,623993,622761,602104,683002,663527,656775,669065,,,,0.0,,0.0,0.0,,45,2,,3,4,4,3,4,3,4,3,,,,0.007,,,,,,,-1,1,0.265,0.735,36,24,36,24,1,2,,,,,,,,
71,71,2860,,2024-03-16,,,,"Kimbrel, Craig",671213,518886,,called_strike,,,,,,"Triston Casas grounds out, second baseman Jorge Mateo to first baseman Anthony Santander.   Pablo Reyes to 3rd.",S,L,R,BAL,BOS,S,,,0,0,2024,,,,,,,622569.0,0,6,Top,,,,,,,,,,,,,,,,,,,,,747948,668939,623993,622761,602104,683002,663527,656775,669065,,,,,,,,,45,1,,3,4,4,3,4,3,4,3,,,,-0.031,,,,,,,-1,1,0.296,0.704,36,24,36,24,1,2,,,,,,,,
72,72,2992,,2024-03-16,,,,"Kimbrel, Craig",622569,518886,walk,ball,,,,,,Pablo Reyes walks.,S,R,R,BAL,BOS,B,,,3,0,2024,,,,,,,,0,6,Top,,,,,,,,,,,,,,,,,,,,,747948,668939,623993,622761,602104,683002,663527,656775,669065,,,,0.7,,0.0,0.0,,44,4,,3,4,4,3,4,3,4,3,,,,-0.037,,,,,,,-1,1,0.333,0.667,36,30,36,31,1,2,,,,,,,,
73,73,3111,,2024-03-16,,,,"Kimbrel, Craig",622569,518886,,ball,,,,,,Pablo Reyes walks.,S,R,R,BAL,BOS,B,,,2,0,2024,,,,,,,,0,6,Top,,,,,,,,,,,,,,,,,,,,,747948,668939,623993,622761,602104,683002,663527,656775,669065,,,,,,,,,44,3,,3,4,4,3,4,3,4,3,,,,0.0,,,,,,,-1,1,0.333,0.667,36,30,36,31,1,2,,,,,,,,
74,74,3292,,2024-03-16,,,,"Kimbrel, Craig",622569,518886,,ball,,,,,,Pablo Reyes walks.,S,R,R,BAL,BOS,B,,,1,0,2024,,,,,,,,0,6,Top,,,,,,,,,,,,,,,,,,,,,747948,668939,623993,622761,602104,683002,663527,656775,669065,,,,,,,,,44,2,,3,4,4,3,4,3,4,3,,,,0.0,,,,,,,-1,1,0.333,0.667,36,30,36,31,1,2,,,,,,,,
75,75,3546,,2024-03-16,,,,"Kimbrel, Craig",622569,518886,,ball,,,,,,Pablo Reyes walks.,S,R,R,BAL,BOS,B,,,0,0,2024,,,,,,,,0,6,Top,,,,,,,,,,,,,,,,,,,,,747948,668939,623993,622761,602104,683002,663527,656775,669065,,,,,,,,,44,1,,3,4,4,3,4,3,4,3,,,,0.0,,,,,,,-1,1,0.333,0.667,36,30,36,31,1,2,,,,,,,,
76,76,1315,,2024-03-16,,,,"Rodríguez, Joely",622761,570257,field_out,hit_into_play,,,,,,Jorge Mateo lines out to center fielder Wilyer Abreu.,S,R,L,BAL,BOS,X,8.0,line_drive,0,0,2024,,,,,656775.0,683002.0,602104.0,2,5,Bot,124.77,85.4,,,,,,,,,,,,,,,,,,,747948,623168,622569,642197,663853,657193,656495,677800,666915,,,,0.0,,0.0,0.0,,43,1,,3,4,3,4,4,3,3,4,,,,-0.111,,,,,,,-1,-1,0.444,0.444,32,29,33,29,1,2,,,,,,,,
77,77,1374,,2024-03-16,,,,"Rodríguez, Joely",602104,570257,walk,ball,,,,,,Ramón Urías walks.   Coby Mayo scores.    Cedric Mullins to 3rd.    Gunnar Henderson to 2nd.,S,R,L,BAL,BOS,B,,,3,0,2024,,,,,691723.0,656775.0,683002.0,2,5,Bot,,,,,,,,,,,,,,,,,,,,,747948,623168,622569,642197,663853,657193,656495,677800,666915,,,,0.7,,0.0,0.0,,42,4,,2,4,2,4,4,3,3,4,,,,0.127,,,,,,,-2,-2,0.317,0.317,32,30,33,30,1,2,,,,,,,,
78,78,1497,,2024-03-16,,,,"Rodríguez, Joely",602104,570257,,ball,,,,,,Ramón Urías walks.   Coby Mayo scores.    Cedric Mullins to 3rd.    Gunnar Henderson to 2nd.,S,R,L,BAL,BOS,B,,,2,0,2024,,,,,691723.0,656775.0,683002.0,2,5,Bot,,,,,,,,,,,,,,,,,,,,,747948,623168,622569,642197,663853,657193,656495,677800,666915,,,,,,,,,42,3,,2,4,2,4,4,2,2,4,,,,0.0,,,,,,,-2,-2,0.317,0.317,32,30,33,30,1,2,,,,,,,,
79,79,1584,,2024-03-16,,,,"Rodríguez, Joely",602104,570257,,ball,,,,,,Ramón Urías walks.   Coby Mayo scores.    Cedric Mullins to 3rd.    Gunnar Henderson to 2nd.,S,R,L,BAL,BOS,B,,,1,0,2024,,,,,691723.0,656775.0,683002.0,2,5,Bot,,,,,,,,,,,,,,,,,,,,,747948,623168,622569,642197,663853,657193,656495,677800,666915,,,,,,,,,42,2,,2,4,2,4,4,2,2,4,,,,0.0,,,,,,,-2,-2,0.317,0.317,32,30,33,30,1,2,,,,,,,,
80,80,1723,,2024-03-16,,,,"Rodríguez, Joely",602104,570257,,ball,,,,,,Ramón Urías walks.   Coby Mayo scores.    Cedric Mullins to 3rd.    Gunnar Henderson to 2nd.,S,R,L,BAL,BOS,B,,,0,0,2024,,,,,691723.0,656775.0,683002.0,2,5,Bot,,,,,,,,,,,,,,,,,,,,,747948,623168,622569,642197,663853,657193,656495,677800,666915,,,,,,,,,42,1,,2,4,2,4,4,2,2,4,,,,0.0,,,,,,,-2,-2,0.317,0.317,32,30,33,30,1,2,,,,,,,,
81,81,1805,,2024-03-16,,,,"Rodríguez, Joely",623993,570257,strikeout,swinging_strike,,,,,,Anthony Santander strikes out swinging.,S,R,L,BAL,BOS,S,2.0,,0,2,2024,,,,,691723.0,656775.0,683002.0,1,5,Bot,,,,,,,,,,,,,,,,,,,,,747948,623168,622569,642197,663853,657193,656495,677800,666915,,,,0.0,,0.0,0.0,,41,3,,2,4,2,4,4,2,2,4,,,,-0.106,,,,,,,-2,-2,0.423,0.423,32,29,33,30,1,2,,,,,,,,
82,82,1849,,2024-03-16,,,,"Rodríguez, Joely",623993,570257,,swinging_strike,,,,,,Anthony Santander strikes out swinging.,S,R,L,BAL,BOS,S,,,0,1,2024,,,,,691723.0,656775.0,683002.0,1,5,Bot,,,,,,,,,,,,,,,,,,,,,747948,623168,622569,642197,663853,657193,656495,677800,666915,,,,,,,,,41,2,,2,4,2,4,4,2,2,4,,,,0.0,,,,,,,-2,-2,0.423,0.423,32,29,33,30,1,2,,,,,,,,
83,83,2021,,2024-03-16,,,,"Rodríguez, Joely",623993,570257,,swinging_strike,,,,,,Anthony Santander strikes out swinging.,S,R,L,BAL,BOS,S,,,0,0,2024,,,,,691723.0,656775.0,683002.0,1,5,Bot,,,,,,,,,,,,,,,,,,,,,747948,623168,622569,642197,663853,657193,656495,677800,666915,,,,,,,,,41,1,,2,4,2,4,4,2,2,4,,,,0.0,,,,,,,-2,-2,0.423,0.423,32,29,33,30,1,2,,,,,,,,
84,84,2183,,2024-03-16,,,,"Rodríguez, Joely",683002,570257,single,hit_into_play,,,,,,Gunnar Henderson singles on a sharp ground ball to second baseman Jamie Westbrook.   Coby Mayo to 3rd.    Cedric Mullins to 2nd.,S,L,L,BAL,BOS,X,4.0,ground_ball,0,0,2024,,,,,,691723.0,656775.0,1,5,Bot,145.33,153.71,,,,,,,,,,,,,,,,,,,747948,623168,622569,642197,663853,657193,656495,677800,666915,,,,0.9,,1.0,0.0,,40,1,,2,4,2,4,4,2,2,4,,,,0.088,,,,,,,-2,-2,0.335,0.335,32,23,33,23,1,2,,,,,,,,
85,85,2390,,2024-03-16,,,,"Rodríguez, Joely",668939,570257,strikeout,called_strike,,,,,,Adley Rutschman called out on strikes.,S,R,L,BAL,BOS,S,2.0,,0,2,2024,,,,,,691723.0,656775.0,0,5,Bot,,,,,,,,,,,,,,,,,,,,,747948,623168,622569,642197,663853,657193,656495,677800,666915,,,,0.0,,0.0,0.0,,39,3,,2,4,2,4,4,2,2,4,,,,-0.074,,,,,,,-2,-2,0.409,0.409,32,26,33,26,1,2,,,,,,,,
86,86,2518,,2024-03-16,,,,"Rodríguez, Joely",668939,570257,,called_strike,,,,,,Adley Rutschman called out on strikes.,S,R,L,BAL,BOS,S,,,0,1,2024,,,,,,691723.0,656775.0,0,5,Bot,,,,,,,,,,,,,,,,,,,,,747948,623168,622569,642197,663853,657193,656495,677800,666915,,,,,,,,,39,2,,2,4,2,4,4,2,2,4,,,,0.0,,,,,,,-2,-2,0.409,0.409,32,26,33,26,1,2,,,,,,,,
87,87,2691,,2024-03-16,,,,"Rodríguez, Joely",668939,570257,,called_strike,,,,,,Adley Rutschman called out on strikes.,S,R,L,BAL,BOS,S,,,0,0,2024,,,,,,691723.0,656775.0,0,5,Bot,,,,,,,,,,,,,,,,,,,,,747948,623168,622569,642197,663853,657193,656495,677800,666915,,,,,,,,,39,1,,2,4,2,4,4,2,2,4,,,,0.0,,,,,,,-2,-2,0.409,0.409,32,26,33,26,1,2,,,,,,,,
88,88,2825,,2024-03-16,,,,"Rodríguez, Joely",656775,570257,walk,ball,,,,,,Cedric Mullins walks.   Coby Mayo to 2nd.,S,L,L,BAL,BOS,B,,,3,0,2024,,,,,,,691723.0,0,5,Bot,,,,,,,,,,,,,,,,,,,,,747948,623168,622569,642197,663853,657193,656495,677800,666915,,,,0.7,,0.0,0.0,,38,4,,2,4,2,4,4,2,2,4,,,,0.079,,,,,,,-2,-2,0.33,0.33,32,29,33,30,1,2,,,,,,,,
89,89,2952,,2024-03-16,,,,"Rodríguez, Joely",656775,570257,,ball,,,,,,Cedric Mullins walks.   Coby Mayo to 2nd.,S,L,L,BAL,BOS,B,,,2,0,2024,,,,,,,691723.0,0,5,Bot,,,,,,,,,,,,,,,,,,,,,747948,623168,622569,642197,663853,657193,656495,677800,666915,,,,,,,,,38,3,,2,4,2,4,4,2,2,4,,,,0.0,,,,,,,-2,-2,0.33,0.33,32,29,33,30,1,2,,,,,,,,
90,90,3204,,2024-03-16,,,,"Rodríguez, Joely",656775,570257,,ball,,,,,,Cedric Mullins walks.   Coby Mayo to 2nd.,S,L,L,BAL,BOS,B,,,1,0,2024,,,,,,,691723.0,0,5,Bot,,,,,,,,,,,,,,,,,,,,,747948,623168,622569,642197,663853,657193,656495,677800,666915,,,,,,,,,38,2,,2,4,2,4,4,2,2,4,,,,0.0,,,,,,,-2,-2,0.33,0.33,32,29,33,30,1,2,,,,,,,,
91,91,3293,,2024-03-16,,,,"Rodríguez, Joely",656775,570257,,ball,,,,,,Cedric Mullins walks.   Coby Mayo to 2nd.,S,L,L,BAL,BOS,B,,,0,0,2024,,,,,,,691723.0,0,5,Bot,,,,,,,,,,,,,,,,,,,,,747948,623168,622569,642197,663853,657193,656495,677800,666915,,,,,,,,,38,1,,2,4,2,4,4,2,2,4,,,,0.0,,,,,,,-2,-2,0.33,0.33,32,29,33,30,1,2,,,,,,,,
92,92,3529,,2024-03-16,,,,"Rodríguez, Joely",691723,570257,single,hit_into_play,,,,,,Coby Mayo singles on a fly ball to center fielder Wilyer Abreu.,S,R,L,BAL,BOS,X,8.0,fly_ball,0,0,2024,,,,,,,,0,5,Bot,126.59,110.19,,,,,,,,,,,,,,,,,,,747948,623168,622569,642197,663853,657193,656495,677800,666915,,,,0.9,,1.0,0.0,,37,1,,2,4,2,4,4,2,2,4,,,,0.053,,,,,,,-2,-2,0.277,0.277,32,22,33,23,1,1,,,,,,,,
93,93,750,,2024-03-16,,,,"Burnes, Corbin",642197,669203,field_out,hit_into_play,,,,,,"Jamie Westbrook grounds out, third baseman Ramón Urías to first baseman Anthony Santander.",S,R,R,BAL,BOS,X,5.0,ground_ball,0,0,2024,,,,,,,,2,5,Top,106.64,167.01,,,,,,,,,,,,,,,,,,,747948,668939,623993,622761,602104,683002,663527,656775,669065,,,,0.0,,0.0,0.0,,36,1,,2,4,4,2,4,2,4,2,,,,0.008,,,,,,,-2,2,0.269,0.731,29,29,30,29,3,0,,,,,,,,
94,94,816,,2024-03-16,,,,"Burnes, Corbin",656495,669203,field_out,hit_into_play,,,,,,"Dalton Guthrie grounds out, second baseman Jorge Mateo to first baseman Anthony Santander.",S,R,R,BAL,BOS,X,4.0,ground_ball,0,0,2024,,,,,,,,1,5,Top,130.21,146.45,,,,,,,,,,,,,,,,,,,747948,668939,623993,622761,602104,683002,663527,656775,669065,,,,0.0,,0.0,0.0,,35,1,,2,4,4,2,4,2,4,2,,,,0.013,,,,,,,-2,2,0.256,0.744,29,28,30,29,2,1,,,,,,,,
95,95,840,,2024-03-16,,,,"Burnes, Corbin",623168,669203,field_out,hit_into_play,,,,,,Tyler Heineman flies out to left fielder Tyler Nevin.,S,L,R,BAL,BOS,X,7.0,fly_ball,0,0,2024,,,,,,,,0,5,Top,83.07,112.6,,,,,,,,,,,,,,,,,,,747948,668939,623993,622761,602104,683002,663527,656775,669065,,,,0.0,,0.0,0.0,,34,1,,2,4,4,2,4,2,4,2,,,,0.017,,,,,,,-2,2,0.239,0.761,29,33,30,33,2,1,,,,,,,,
96,96,799,,2024-03-16,,,,"Criswell, Cooper",663527,681867,strikeout,swinging_strike_blocked,,,,,,"Tyler Nevin strikes out swinging, catcher Tyler Heineman to first baseman Pablo Reyes.",S,R,R,BAL,BOS,S,2.0,,0,2,2024,,,,,,,,2,4,Bot,,,,,,,,,,,,,,,,,,,,,747948,623168,622569,642197,663853,657193,656495,677800,666915,,,,0.0,,0.0,0.0,,33,3,,2,4,2,4,4,2,2,4,,,,-0.013,,,,,,,-2,-2,0.252,0.252,27,27,28,27,2,1,,,,,,,,
97,97,864,,2024-03-16,,,,"Criswell, Cooper",663527,681867,,swinging_strike,,,,,,"Tyler Nevin strikes out swinging, catcher Tyler Heineman to first baseman Pablo Reyes.",S,R,R,BAL,BOS,S,,,0,1,2024,,,,,,,,2,4,Bot,,,,,,,,,,,,,,,,,,,,,747948,623168,622569,642197,663853,657193,656495,677800,666915,,,,,,,,,33,2,,2,4,2,4,4,2,2,4,,,,0.0,,,,,,,-2,-2,0.252,0.252,27,27,28,27,2,1,,,,,,,,
98,98,909,,2024-03-16,,,,"Criswell, Cooper",663527,681867,,swinging_strike,,,,,,"Tyler Nevin strikes out swinging, catcher Tyler Heineman to first baseman Pablo Reyes.",S,R,R,BAL,BOS,S,,,0,0,2024,,,,,,,,2,4,Bot,,,,,,,,,,,,,,,,,,,,,747948,623168,622569,642197,663853,657193,656495,677800,666915,,,,,,,,,33,1,,2,4,2,4,4,2,2,4,,,,0.0,,,,,,,-2,-2,0.252,0.252,27,27,28,27,2,1,,,,,,,,
99,99,942,,2024-03-16,,,,"Criswell, Cooper",669065,681867,field_out,hit_into_play,,,,,,"Kyle Stowers grounds out, second baseman Jamie Westbrook to first baseman Pablo Reyes.",S,L,R,BAL,BOS,X,4.0,ground_ball,0,0,2024,,,,,,,,1,4,Bot,156.81,156.73,,,,,,,,,,,,,,,,,,,747948,623168,622569,642197,663853,657193,656495,677800,666915,,,,0.0,,0.0,0.0,,32,1,,2,4,2,4,4,2,2,4,,,,-0.019,,,,,,,-2,-2,0.271,0.271,27,26,28,26,2,1,,,,,,,,
